{
    "left_down": [
        49.00396728515625,
        114.01176452636719,
        179.0215301513672,
        246.01524353027344
    ],
    "right_down": [
        14.012734413146973,
        80.00660705566406,
        145.02392578125,
        210.0119171142578
    ],
    "left_up": [
        22.022314071655273,
        88.00875854492188,
        153.0262908935547,
        219.0093231201172
    ],
    "right_up": [
        56.027591705322266,
        122.00537109375,
        187.0092315673828,
        254.01730346679688
    ]
}