{
    "left_down": [
        58.02851486206055,
        125.01695251464844,
        195.00413513183594,
        263.0097351074219,
        332.0079650878906,
        401.03143310546875
    ],
    "right_down": [
        19.027982711791992,
        90.00537109375,
        159.02259826660156,
        227.01756286621094,
        296.01556396484375,
        366.0147399902344,
        436.0130920410156
    ],
    "left_up": [
        30.019044876098633,
        99.00247192382812,
        168.02590942382812,
        236.02452087402344,
        305.0252990722656,
        375.02020263671875,
        447.00677490234375
    ],
    "right_up": [
        0.01480033714324236,
        67.00538635253906,
        134.0227813720703,
        204.00286865234375,
        272.0143127441406,
        341.0195007324219,
        411.0165100097656
    ]
}