{
    "left_down": [
        59.01091384887695,
        131.00062561035156,
        201.03201293945312,
        273.0242919921875,
        350.0319519042969,
        425.03009033203125,
        500.0224914550781
    ],
    "right_down": [
        19.02576446533203,
        96.00088500976562,
        165.0242462158203,
        238.00830078125,
        312.0089111328125,
        388.0066223144531,
        462.0097351074219
    ],
    "left_up": [
        30.02936363220215,
        105.00961303710938,
        174.0311737060547,
        247.0115203857422,
        322.0244445800781,
        398.0101318359375,
        472.0307312011719
    ],
    "right_up": [
        0.02175804413855076,
        68.03076934814453,
        140.00698852539062,
        211.0184326171875,
        283.0263671875,
        361.00146484375,
        435.0247802734375,
        510.0287780761719
    ]
}