{
    "left_down": [
        54.026336669921875,
        137.00173950195312,
        224.02316284179688,
        305.0170593261719,
        392.0067138671875,
        476.02349853515625,
        561.0098266601562,
        644.020263671875
    ],
    "right_down": [
        16.00050926208496,
        94.02337646484375,
        174.02627563476562,
        262.01715087890625,
        345.03216552734375,
        428.02374267578125,
        516.0176391601562,
        596.0287475585938
    ],
    "left_up": [
        27.022342681884766,
        106.02448272705078,
        190.01988220214844,
        273.02545166015625,
        359.01934814453125,
        442.02923583984375,
        529.0108642578125,
        610.02783203125
    ],
    "right_up": [
        0.007316684350371361,
        66.00198364257812,
        147.00877380371094,
        235.02748107910156,
        316.0238952636719,
        402.0124816894531,
        487.0172424316406,
        571.0103149414062,
        656.006103515625
    ]
}