{
    "left_down": [
        39.013301849365234,
        100.01299285888672,
        160.00961303710938,
        221.001220703125,
        283.0119934082031,
        345.0179748535156,
        409.0038146972656,
        474.02044677734375
    ],
    "right_down": [
        8.004239082336426,
        69.02619171142578,
        130.0138397216797,
        191.02272033691406,
        251.02964782714844,
        314.0070495605469,
        377.0067138671875,
        440.02655029296875
    ],
    "left_up": [
        15.024327278137207,
        77.02044677734375,
        137.029052734375,
        199.0069580078125,
        260.0028076171875,
        322.0094909667969,
        385.0163269042969,
        449.0177917480469
    ],
    "right_up": [
        0.0017267772927880287,
        47.00067901611328,
        108.00506591796875,
        168.00303649902344,
        228.02755737304688,
        291.0138854980469,
        353.0143737792969,
        417.0044250488281,
        483.0057067871094
    ]
}