{
    "left_down": [
        58.01231384277344,
        124.00102233886719,
        195.00425720214844,
        264.0252990722656,
        332.0224304199219,
        405.0174255371094,
        480.0234375
    ],
    "right_down": [
        17.028562545776367,
        88.00371551513672,
        156.0043182373047,
        227.02476501464844,
        295.00970458984375,
        366.0072326660156,
        438.0124816894531
    ],
    "left_up": [
        28.027040481567383,
        96.02944946289062,
        165.03094482421875,
        237.005126953125,
        304.0133056640625,
        376.00775146484375,
        450.0015869140625
    ],
    "right_up": [
        65.02842712402344,
        131.0225067138672,
        203.0066375732422,
        272.01275634765625,
        341.001708984375,
        413.027587890625
    ]
}