{
    "left_down": [
        57.00811767578125,
        126.0160903930664,
        200.02565002441406,
        271.0142517089844,
        346.012939453125,
        424.0130615234375
    ],
    "right_down": [
        18.031179428100586,
        89.01020050048828,
        161.03318786621094,
        233.02175903320312,
        305.0170593261719,
        379.0201110839844
    ],
    "left_up": [
        28.02837562561035,
        98.01951599121094,
        172.00442504882812,
        243.00848388671875,
        316.0139465332031,
        391.0149230957031
    ],
    "right_up": [
        0.018144330009818077,
        65.0303955078125,
        136.0058135986328,
        210.0104522705078,
        281.0010986328125,
        356.0003967285156,
        435.0252685546875
    ]
}