{
    "left_down": [
        53.01191711425781,
        123.0149917602539,
        191.022705078125,
        262.00543212890625,
        332.0097961425781,
        403.01092529296875,
        476.0307312011719
    ],
    "right_down": [
        17.00104522705078,
        85.02245330810547,
        154.02244567871094,
        225.01185607910156,
        293.0298767089844,
        364.0263366699219,
        436.0005798339844,
        510.0278625488281
    ],
    "left_up": [
        26.006689071655273,
        95.00773620605469,
        163.01861572265625,
        234.0244140625,
        303.024169921875,
        374.0219421386719,
        446.025634765625
    ],
    "right_up": [
        61.01958465576172,
        131.01402282714844,
        200.00088500976562,
        269.0331115722656,
        340.0115661621094,
        411.0160217285156,
        485.02301025390625
    ]
}