{
    "left_down": [
        58.019386291503906,
        130.02944946289062,
        201.01199340820312,
        272.0252380371094,
        346.0108642578125
    ],
    "right_down": [
        15.016986846923828,
        92.03227233886719,
        163.0271759033203,
        233.02540588378906,
        307.0124816894531
    ],
    "left_up": [
        26.028074264526367,
        102.01992797851562,
        173.0094757080078,
        243.0200653076172,
        317.02447509765625
    ],
    "right_up": [
        67.02491760253906,
        139.0078887939453,
        209.02517700195312,
        281.03045654296875,
        355.0311279296875
    ]
}