{
    "left_down": [
        14.016131401062012,
        76.01432037353516,
        137.0122833251953,
        198.02191162109375,
        259.0269470214844,
        321.0277099609375,
        381.0292663574219
    ],
    "right_down": [
        45.02488327026367,
        107.015380859375,
        168.01812744140625,
        228.02354431152344,
        290.0032653808594,
        351.0157470703125,
        412.0126647949219
    ],
    "left_up": [
        53.0311279296875,
        115.01323699951172,
        176.0099639892578,
        236.0325927734375,
        298.02056884765625,
        359.0044860839844,
        421.0209045410156
    ],
    "right_up": [
        23.00531005859375,
        84.01097869873047,
        145.00814819335938,
        206.0085906982422,
        267.0130920410156,
        329.01495361328125,
        389.0100402832031
    ]
}