{
    "left_down": [
        5.018553733825684,
        84.00711822509766,
        155.022705078125,
        224.0312957763672,
        296.00390625,
        369.0257568359375
    ],
    "right_down": [
        45.004058837890625,
        120.01741790771484,
        190.02658081054688,
        259.0119323730469,
        331.02569580078125,
        406.00689697265625
    ],
    "left_up": [
        55.02847671508789,
        129.02023315429688,
        200.0029754638672,
        269.004150390625,
        342.0016784667969,
        418.0094299316406
    ],
    "right_up": [
        17.003616333007812,
        94.02301025390625,
        164.03091430664062,
        233.01751708984375,
        305.00421142578125,
        379.00201416015625
    ]
}