{
    "left_down": [
        43.01992416381836,
        103.0184326171875,
        161.02337646484375,
        221.0020294189453,
        281.0198974609375,
        342.01483154296875,
        407.01519775390625,
        470.03204345703125
    ],
    "right_down": [
        11.004469871520996,
        72.0143051147461,
        131.00848388671875,
        189.02438354492188,
        249.0108184814453,
        309.0242919921875,
        372.00421142578125,
        436.0097351074219
    ],
    "left_up": [
        19.005401611328125,
        79.03050231933594,
        138.00889587402344,
        196.0323486328125,
        257.00634765625,
        317.0228271484375,
        381.0020751953125,
        445.0103454589844
    ],
    "right_up": [
        50.02961349487305,
        110.0182113647461,
        168.02320861816406,
        228.00531005859375,
        288.0229187011719,
        350.00177001953125,
        415.00909423828125,
        478.0212097167969
    ]
}