{
    "left_down": [
        22.01649284362793,
        95.003173828125,
        168.01046752929688,
        239.0186004638672,
        313.0301513671875,
        384.0293273925781,
        462.0029296875
    ],
    "right_down": [
        55.0068244934082,
        128.02554321289062,
        200.03021240234375,
        272.028076171875,
        346.00408935546875,
        418.008544921875,
        496.00750732421875
    ],
    "left_up": [
        65.02545928955078,
        138.03207397460938,
        210.0239715576172,
        283.0234680175781,
        355.0326232910156,
        429.02740478515625,
        509.0172119140625
    ],
    "right_up": [
        31.000703811645508,
        103.01948547363281,
        176.0183868408203,
        247.0229034423828,
        322.00457763671875,
        393.0018310546875,
        471.001220703125
    ]
}