{
    "left_down": [
        23.025575637817383,
        103.00387573242188,
        173.0188446044922,
        240.02963256835938,
        309.0153503417969,
        379.0084228515625,
        449.0192565917969,
        527.0134887695312
    ],
    "right_down": [
        65.00092315673828,
        139.03353881835938,
        207.00149536132812,
        275.0028991699219,
        344.02423095703125,
        414.0166320800781,
        486.0211486816406
    ],
    "left_up": [
        76.00074005126953,
        149.0001678466797,
        215.03005981445312,
        284.0035705566406,
        353.0289306640625,
        423.020263671875,
        497.0050354003906
    ],
    "right_up": [
        36.01408767700195,
        113.02515411376953,
        182.01454162597656,
        249.0230712890625,
        318.01531982421875,
        388.0120544433594,
        459.0008544921875,
        539.0094604492188
    ]
}