{
    "left_down": [
        17.02567481994629,
        76.00566864013672,
        135.01913452148438,
        196.00791931152344,
        256.019775390625,
        317.0121765136719,
        379.0113220214844,
        442.00244140625
    ],
    "right_down": [
        47.00203323364258,
        105.0257797241211,
        166.0003204345703,
        226.03204345703125,
        286.03045654296875,
        348.023193359375,
        409.0289306640625
    ],
    "left_up": [
        54.012901306152344,
        113.01045989990234,
        173.0277557373047,
        234.02493286132812,
        294.0248718261719,
        356.0194091796875,
        418.0080871582031
    ],
    "right_up": [
        25.025354385375977,
        83.01717376708984,
        143.00572204589844,
        203.02853393554688,
        264.00445556640625,
        325.0125427246094,
        387.0072937011719,
        449.0307312011719
    ]
}