{
    "left_down": [
        10.003435134887695,
        86.02288055419922,
        161.0290985107422,
        241.0025634765625,
        315.00177001953125,
        390.0164794921875
    ],
    "right_down": [
        48.01347351074219,
        123.03094482421875,
        200.0240020751953,
        277.0117492675781,
        352.0294189453125,
        429.02655029296875
    ],
    "left_up": [
        59.015560150146484,
        134.010498046875,
        212.00668334960938,
        287.01458740234375,
        363.00286865234375,
        441.0138854980469
    ],
    "right_up": [
        21.011140823364258,
        96.01913452148438,
        172.00881958007812,
        250.03240966796875,
        324.03363037109375,
        400.0257873535156
    ]
}