{
    "left_down": [
        49.01974868774414,
        116.02635955810547,
        186.0192413330078,
        253.02304077148438,
        326.0113830566406
    ],
    "right_down": [
        14.015998840332031,
        81.00765991210938,
        147.0318145751953,
        217.0177764892578,
        286.0068054199219
    ],
    "left_up": [
        23.009489059448242,
        90.00484466552734,
        158.00399780273438,
        226.01902770996094,
        296.02032470703125
    ],
    "right_up": [
        57.016090393066406,
        124.0229721069336,
        194.0186309814453,
        261.0288391113281,
        335.0308837890625
    ]
}