{
    "left_down": [
        59.02464294433594,
        134.0098876953125,
        207.0079345703125
    ],
    "right_down": [
        16.01044273376465,
        94.02957916259766,
        167.02305603027344,
        242.0086212158203
    ],
    "left_up": [
        28.007022857666016,
        105.01187896728516,
        177.02980041503906,
        253.0302276611328
    ],
    "right_up": [
        69.0263442993164,
        143.02845764160156,
        217.0054473876953
    ]
}