{
    "left_down": [
        18.025056838989258,
        90.031494140625,
        162.00279235839844,
        230.01898193359375,
        300.0152893066406,
        370.0169372558594,
        439.0209655761719
    ],
    "right_down": [
        55.01093292236328,
        127.01870727539062,
        196.02748107910156,
        265.0170593261719,
        335.0294494628906,
        404.029052734375,
        476.0040283203125
    ],
    "left_up": [
        65.00048828125,
        136.02503967285156,
        205.01919555664062,
        274.0172119140625,
        345.0025634765625,
        413.0287780761719,
        486.0321960449219
    ],
    "right_up": [
        29.013408660888672,
        100.02872467041016,
        171.0057373046875,
        239.01629638671875,
        309.02685546875,
        379.0129089355469,
        449.0001525878906
    ]
}