{
    "left_down": [
        10.02444076538086,
        81.0124740600586,
        151.02818298339844,
        224.02171325683594,
        297.0167236328125
    ],
    "right_down": [
        45.01056671142578,
        117.01799774169922,
        187.0211944580078,
        260.0316467285156
    ],
    "left_up": [
        55.0123291015625,
        126.03209686279297,
        197.0274200439453,
        271.0013122558594
    ],
    "right_up": [
        20.031614303588867,
        90.0274429321289,
        161.00238037109375,
        234.00677490234375,
        307.00262451171875
    ]
}