{
    "left_down": [
        49.005027770996094,
        119.01851654052734,
        188.0113983154297,
        261.018310546875,
        333.0115661621094,
        406.0105285644531,
        482.0210876464844
    ],
    "right_down": [
        11.023859024047852,
        85.02381134033203,
        154.0014190673828,
        224.03012084960938,
        298.0171203613281,
        369.01416015625,
        443.0207824707031
    ],
    "left_up": [
        21.019922256469727,
        94.02446746826172,
        163.00064086914062,
        234.0185089111328,
        307.0213623046875,
        379.0079345703125,
        454.00555419921875
    ],
    "right_up": [
        0.00018715950136538595,
        59.008888244628906,
        128.02035522460938,
        197.02528381347656,
        271.01434326171875,
        342.0259094238281,
        416.0041809082031,
        492.0302734375
    ]
}