{
    "left_down": [
        12.026395797729492,
        78.02835083007812,
        144.0044708251953,
        209.03143310546875,
        274.0234680175781,
        345.02239990234375
    ],
    "right_down": [
        43.025882720947266,
        109.01358795166016,
        176.00857543945312,
        241.00819396972656,
        307.0248107910156
    ],
    "left_up": [
        52.02835464477539,
        117.03179168701172,
        184.01559448242188,
        249.0157470703125,
        317.02105712890625
    ],
    "right_up": [
        20.032705307006836,
        86.01145935058594,
        152.00103759765625,
        217.02845764160156,
        282.0159912109375,
        354.0278015136719
    ]
}