{
    "left_down": [
        18.036727905273438,
        91.0309066772461,
        172.0026397705078,
        252.02484130859375,
        334.0000305175781,
        416.010986328125
    ],
    "right_down": [
        52.01749801635742,
        127.0107650756836,
        208.00787353515625,
        288.01458740234375,
        371.0035095214844,
        453.0036926269531
    ],
    "left_up": [
        63.002662658691406,
        140.00469970703125,
        220.02720642089844,
        301.0136413574219,
        384.0083923339844,
        467.00579833984375
    ],
    "right_up": [
        27.031076431274414,
        100.03131866455078,
        181.00277709960938,
        261.0249938964844,
        344.00457763671875,
        427.0026550292969
    ]
}