{
    "left_down": [
        32.01606369018555,
        102.01583099365234,
        168.00680541992188,
        237.0128173828125,
        302.0098876953125,
        368.0106201171875,
        440.0129089355469
    ],
    "right_down": [
        10.049449920654297,
        67.00131225585938,
        134.00489807128906,
        200.01654052734375,
        268.0016784667969,
        334.0118713378906,
        401.0220031738281
    ],
    "left_up": [
        13.003958702087402,
        75.02449035644531,
        142.01309204101562,
        209.0290985107422,
        276.02154541015625,
        342.0193176269531,
        411.02301025390625
    ],
    "right_up": [
        4.028617858886719,
        40.00493621826172,
        110.01521301269531,
        176.00608825683594,
        245.01255798339844,
        310.0099182128906,
        376.02911376953125,
        450.0191650390625
    ]
}