{
    "left_down": [
        58.00060272216797,
        137.01724243164062,
        207.0111846923828,
        277.0301513671875,
        350.0078430175781,
        420.030029296875,
        491.02337646484375
    ],
    "right_down": [
        17.025617599487305,
        100.01326751708984,
        173.02011108398438,
        242.00192260742188,
        314.01007080078125,
        385.0271911621094,
        455.0232849121094
    ],
    "left_up": [
        29.000627517700195,
        110.02226257324219,
        182.0138397216797,
        251.00830078125,
        323.025146484375,
        394.03289794921875,
        465.01519775390625
    ],
    "right_up": [
        0.004759559407830238,
        69.01432037353516,
        147.00767517089844,
        216.01463317871094,
        287.0198059082031,
        359.0263366699219,
        430.00555419921875,
        500.03155517578125
    ]
}