{
    "left_down": [
        20.033119201660156,
        94.02220916748047,
        166.02926635742188,
        239.02789306640625,
        308.01019287109375,
        385.009765625
    ],
    "right_down": [
        56.00783920288086,
        127.024658203125,
        200.001953125,
        270.01434326171875,
        342.0081481933594
    ],
    "left_up": [
        66.00684356689453,
        137.024169921875,
        210.01113891601562,
        279.0233154296875,
        353.0260314941406
    ],
    "right_up": [
        30.001394271850586,
        103.00233459472656,
        175.00631713867188,
        247.0151824951172,
        317.0003662109375,
        395.0126953125
    ]
}