{
    "left_down": [
        72.0166244506836,
        145.00379943847656,
        216.01234436035156,
        286.001220703125,
        354.0252990722656,
        426.01031494140625
    ],
    "right_down": [
        31.007835388183594,
        106.01852416992188,
        179.02000427246094,
        248.03244018554688,
        317.02264404296875,
        387.0229797363281,
        460.0285949707031
    ],
    "left_up": [
        42.014984130859375,
        116.00827026367188,
        188.03102111816406,
        258.0079345703125,
        326.0260009765625,
        397.0102233886719,
        471.02032470703125
    ],
    "right_up": [
        8.023539543151855,
        80.03398895263672,
        153.03329467773438,
        224.0245819091797,
        294.00396728515625,
        363.0051574707031,
        435.01629638671875
    ]
}