{
    "left_down": [
        44.02507400512695,
        115.0230941772461,
        189.00485229492188,
        260.01727294921875,
        336.0076904296875
    ],
    "right_down": [
        10.031014442443848,
        77.02388763427734,
        151.01258850097656,
        223.00071716308594,
        295.00042724609375,
        371.0148620605469
    ],
    "left_up": [
        19.01064109802246,
        87.00064849853516,
        161.00083923339844,
        232.01780700683594,
        305.0190734863281,
        383.0147705078125
    ],
    "right_up": [
        52.02767562866211,
        125.00330352783203,
        198.00460815429688,
        269.0120849609375,
        346.0002746582031
    ]
}