{
    "left_down": [
        44.015560150146484,
        109.00715637207031,
        170.02706909179688,
        233.00332641601562,
        294.02349853515625,
        356.00347900390625,
        419.0291748046875,
        485.0209045410156,
        559.024658203125
    ],
    "right_down": [
        10.02783203125,
        77.03194427490234,
        139.0304412841797,
        201.02169799804688,
        263.0239562988281,
        325.0020446777344,
        388.0053405761719,
        452.0267028808594,
        523.01904296875
    ],
    "left_up": [
        20.005075454711914,
        86.01714324951172,
        147.02964782714844,
        209.02951049804688,
        271.0298156738281,
        333.0011291503906,
        396.01531982421875,
        460.0321350097656,
        533.0142211914062
    ],
    "right_up": [
        53.005836486816406,
        117.00662231445312,
        178.02403259277344,
        240.03147888183594,
        302.013671875,
        364.0047912597656,
        428.0101318359375,
        495.007080078125,
        569.0252075195312
    ]
}