{
    "left_down": [
        20.014493942260742,
        90.00190734863281,
        160.02386474609375,
        232.02330017089844,
        307.000732421875
    ],
    "right_down": [
        54.0344352722168,
        124.01471710205078,
        196.00350952148438,
        268.030029296875,
        344.0013732910156
    ],
    "left_up": [
        64.01911163330078,
        134.00160217285156,
        205.0177459716797,
        278.0307312011719,
        355.0291748046875
    ],
    "right_up": [
        29.032760620117188,
        98.02271270751953,
        169.0189208984375,
        241.02474975585938,
        316.0169677734375
    ]
}