{
    "left_down": [
        48.00518035888672,
        127.0234375,
        204.0157470703125,
        282.0120544433594,
        358.00286865234375
    ],
    "right_down": [
        9.000510215759277,
        87.03284454345703,
        165.0296173095703,
        243.0204620361328,
        319.03448486328125,
        398.0313720703125
    ],
    "left_up": [
        19.01154327392578,
        99.00465393066406,
        176.02296447753906,
        254.01829528808594,
        330.0102233886719,
        411.0155334472656
    ],
    "right_up": [
        0.013310588896274567,
        58.02934265136719,
        138.0004119873047,
        214.02040100097656,
        292.0061950683594,
        368.0155944824219
    ]
}