{
    "left_down": [
        59.0294189453125,
        131.00880432128906,
        198.0111846923828,
        267.01397705078125,
        336.0244445800781,
        406.003173828125
    ],
    "right_down": [
        21.02716827392578,
        93.0220718383789,
        164.00721740722656,
        231.03099060058594,
        300.0169372558594,
        371.0144958496094,
        441.0007019042969
    ],
    "left_up": [
        31.025781631469727,
        103.00830078125,
        172.03253173828125,
        241.0026397705078,
        309.0304260253906,
        380.0130615234375,
        453.016845703125
    ],
    "right_up": [
        1.0042030811309814,
        68.0277099609375,
        140.02076721191406,
        207.01756286621094,
        276.0235900878906,
        346.0163879394531,
        415.0232849121094
    ]
}