{
    "left_down": [
        14.006912231445312,
        89.02352142333984,
        164.00506591796875,
        240.01797485351562,
        314.0083923339844,
        390.0174255371094
    ],
    "right_down": [
        54.02635192871094,
        128.01596069335938,
        203.0041046142578,
        276.0308532714844,
        353.00469970703125,
        428.0182189941406
    ],
    "left_up": [
        64.00996398925781,
        137.0326385498047,
        213.02940368652344,
        286.028076171875,
        363.0117492675781,
        440.01226806640625
    ],
    "right_up": [
        25.01711082458496,
        100.00389862060547,
        174.00901794433594,
        249.0328369140625,
        324.0067443847656,
        400.0220947265625
    ]
}