{
    "left_down": [
        64.0205307006836,
        136.02883911132812,
        207.02980041503906,
        277.0147705078125,
        348.0227966308594,
        419.0133361816406,
        491.0018310546875
    ],
    "right_down": [
        25.01506996154785,
        101.03170013427734,
        173.00355529785156,
        242.01657104492188,
        312.0322570800781,
        385.0072937011719,
        454.0030212402344,
        531.0133056640625
    ],
    "left_up": [
        36.02156066894531,
        111.00375366210938,
        182.00950622558594,
        251.0174560546875,
        322.01556396484375,
        394.0078430175781,
        463.01629638671875,
        543.0281372070312
    ],
    "right_up": [
        2.0095717906951904,
        74.03215789794922,
        146.01412963867188,
        216.03147888183594,
        286.0220031738281,
        358.0049743652344,
        428.0208740234375,
        501.0270080566406
    ]
}