{
    "left_down": [
        53.00323486328125,
        128.0193634033203,
        200.02655029296875,
        275.0295104980469,
        351.0168762207031
    ],
    "right_down": [
        12.025945663452148,
        90.004638671875,
        163.02593994140625,
        238.0052947998047,
        313.03240966796875,
        390.0268859863281
    ],
    "left_up": [
        24.022001266479492,
        100.03217315673828,
        173.029052734375,
        248.01498413085938,
        324.0057678222656,
        402.00958251953125
    ],
    "right_up": [
        62.027549743652344,
        138.00015258789062,
        210.01856994628906,
        286.0052795410156,
        361.0234375
    ]
}