{
    "left_down": [
        1.0011247396469116,
        75.0195541381836,
        150.02012634277344,
        225.03060913085938,
        302.01239013671875,
        374.0213317871094,
        447.016845703125,
        523.0169677734375
    ],
    "right_down": [
        34.00018310546875,
        111.02847290039062,
        185.0232391357422,
        263.0046691894531,
        336.00445556640625,
        410.0194396972656,
        483.0194396972656
    ],
    "left_up": [
        45.02418518066406,
        122.0155258178711,
        196.0178985595703,
        273.0312805175781,
        346.0168151855469,
        420.0089416503906,
        494.0162353515625
    ],
    "right_up": [
        11.021210670471191,
        85.0062026977539,
        160.0077362060547,
        236.02137756347656,
        312.00201416015625,
        384.0184631347656,
        457.015380859375,
        534.028564453125
    ]
}