{
    "left_down": [
        64.00341033935547,
        144.02139282226562,
        223.0144500732422,
        302.0014343261719,
        383.0124816894531,
        464.0220642089844,
        542.0142211914062,
        633.0026245117188
    ],
    "right_down": [
        26.008586883544922,
        105.00955963134766,
        186.00173950195312,
        263.011962890625,
        339.0257568359375,
        425.0223388671875,
        503.0177307128906,
        585.017333984375
    ],
    "left_up": [
        36.02693557739258,
        115.0191421508789,
        196.01296997070312,
        274.01141357421875,
        351.00689697265625,
        436.00390625,
        513.0139770507812,
        597.0224609375
    ],
    "right_up": [
        2.038078784942627,
        75.02464294433594,
        156.02908325195312,
        234.01119995117188,
        312.0020751953125,
        395.0215759277344,
        475.0169372558594,
        554.0020751953125,
        656.0128784179688
    ]
}