{
    "left_down": [
        20.016860961914062,
        92.0239486694336,
        163.0067596435547,
        232.02049255371094,
        302.0198059082031,
        373.023681640625,
        444.0206604003906
    ],
    "right_down": [
        58.028499603271484,
        128.0002899169922,
        198.008544921875,
        266.03118896484375,
        339.0093078613281,
        409.0238952636719,
        482.0104675292969
    ],
    "left_up": [
        68.0003890991211,
        137.0084991455078,
        207.0092315673828,
        276.0079650878906,
        348.0111389160156,
        418.0260009765625,
        493.00921630859375
    ],
    "right_up": [
        31.026151657104492,
        102.02193450927734,
        172.02635192871094,
        241.0190887451172,
        312.0046691894531,
        383.00341796875,
        454.01226806640625
    ]
}