{
    "left_down": [
        56.025020599365234,
        125.01930236816406,
        195.0215606689453,
        265.0201110839844,
        334.00439453125,
        405.00933837890625
    ],
    "right_down": [
        18.01460838317871,
        89.006103515625,
        158.01930236816406,
        228.01806640625,
        297.01678466796875,
        366.0255432128906,
        439.0224304199219
    ],
    "left_up": [
        28.012117385864258,
        98.00640106201172,
        167.02816772460938,
        237.02731323242188,
        306.0194396972656,
        376.0161437988281,
        450.0317077636719
    ],
    "right_up": [
        64.0325927734375,
        134.0004119873047,
        204.00563049316406,
        273.02532958984375,
        342.0128479003906,
        414.00762939453125
    ]
}