{
    "left_down": [
        22.035245895385742,
        93.01972198486328,
        165.0230255126953,
        238.01211547851562,
        310.0184020996094,
        381.01806640625
    ],
    "right_down": [
        60.015602111816406,
        129.01107788085938,
        202.0292510986328,
        275.00091552734375,
        346.0213623046875,
        419.0105895996094
    ],
    "left_up": [
        69.00580596923828,
        138.02894592285156,
        212.0117950439453,
        284.02215576171875,
        355.0256042480469,
        429.02496337890625
    ],
    "right_up": [
        34.00172424316406,
        103.0164566040039,
        175.03134155273438,
        247.03317260742188,
        320.00091552734375,
        391.0035400390625
    ]
}