{
    "left_down": [
        20.019020080566406,
        94.02729034423828,
        171.0097198486328,
        245.0189666748047,
        323.016845703125,
        402.0148010253906
    ],
    "right_down": [
        54.02345275878906,
        130.0054168701172,
        204.02987670898438,
        280.013671875,
        360.0242004394531,
        438.0094299316406
    ],
    "left_up": [
        65.01934051513672,
        141.00563049316406,
        215.01812744140625,
        291.02667236328125,
        371.02728271484375,
        451.0028991699219
    ],
    "right_up": [
        30.026758193969727,
        105.01161193847656,
        181.00645446777344,
        255.015869140625,
        334.012451171875,
        413.0130615234375
    ]
}