{
    "left_down": [
        9.017987251281738,
        84.02371978759766,
        152.0091094970703,
        218.03265380859375,
        285.0143127441406,
        356.0186462402344,
        427.0160827636719,
        500.0164489746094
    ],
    "right_down": [
        49.0013542175293,
        120.02162170410156,
        187.0001983642578,
        253.00765991210938,
        322.0047607421875,
        393.0213928222656,
        464.0093078613281
    ],
    "left_up": [
        59.01921844482422,
        129.0087432861328,
        195.0222625732422,
        261.0203552246094,
        331.0125427246094,
        402.0267028808594,
        473.0216064453125
    ],
    "right_up": [
        21.026390075683594,
        95.01284790039062,
        161.02586364746094,
        228.01071166992188,
        295.0069885253906,
        366.02191162109375,
        437.008544921875,
        511.0028076171875
    ]
}