{
    "left_down": [
        47.01935958862305,
        113.00531768798828,
        180.01441955566406,
        247.02162170410156,
        313.02972412109375,
        381.0148010253906
    ],
    "right_down": [
        14.015077590942383,
        80.00889587402344,
        147.01629638671875,
        214.0037078857422,
        280.0299987792969,
        346.01873779296875,
        419.0055847167969
    ],
    "left_up": [
        23.015499114990234,
        88.02014923095703,
        156.00384521484375,
        222.03038024902344,
        289.0155944824219,
        355.0091857910156,
        429.029541015625
    ],
    "right_up": [
        56.02091598510742,
        122.01695251464844,
        189.0170135498047,
        256.01800537109375,
        322.01824951171875,
        391.00628662109375
    ]
}