{
    "left_down": [
        83.01669311523438,
        165.0029754638672,
        238.01129150390625,
        308.0124816894531,
        381.0198974609375,
        454.02935791015625,
        530.0255126953125,
        604.009033203125
    ],
    "right_down": [
        37.00802993774414,
        123.03007507324219,
        199.01553344726562,
        270.0088195800781,
        342.01129150390625,
        414.03216552734375,
        489.0096740722656,
        565.000244140625,
        637.0175170898438
    ],
    "left_up": [
        49.02581024169922,
        134.03086853027344,
        209.0171356201172,
        279.02423095703125,
        352.0196838378906,
        425.0071105957031,
        500.00628662109375,
        575.0067749023438,
        650.0016479492188
    ],
    "right_up": [
        10.026283264160156,
        96.01639556884766,
        173.03163146972656,
        246.0149688720703,
        316.028076171875,
        389.02880859375,
        463.023681640625,
        539.0233764648438,
        612.0288696289062
    ]
}