{
    "left_down": [
        20.022552490234375,
        113.01537322998047,
        192.01719665527344,
        270.0225830078125,
        350.0110168457031,
        421.0185546875,
        501.0285339355469
    ],
    "right_down": [
        59.0234260559082,
        150.00436401367188,
        228.0184783935547,
        307.0151062011719,
        382.03424072265625,
        457.01751708984375,
        541.0111694335938
    ],
    "left_up": [
        77.0218734741211,
        161.00389099121094,
        239.01390075683594,
        319.0123596191406,
        392.01800537109375,
        469.0150146484375,
        560.0173950195312
    ],
    "right_up": [
        32.02131652832031,
        123.00402069091797,
        201.02920532226562,
        280.00909423828125,
        358.0210876464844,
        430.0276184082031,
        512.0267333984375
    ]
}