{
    "left_down": [
        23.02242088317871,
        99.02678680419922,
        183.01397705078125,
        272.0152893066406,
        358.02032470703125,
        444.0281677246094,
        528.004150390625,
        611.0070190429688
    ],
    "right_down": [
        59.028987884521484,
        137.03118896484375,
        226.0166778564453,
        313.00555419921875,
        397.0177917480469,
        485.0343933105469,
        569.01806640625
    ],
    "left_up": [
        70.0050048828125,
        150.0117950439453,
        239.0011749267578,
        326.0123596191406,
        411.0068054199219,
        497.029541015625,
        581.001220703125
    ],
    "right_up": [
        33.0390625,
        110.01713562011719,
        194.03343200683594,
        285.01007080078125,
        369.03033447265625,
        456.0146179199219,
        538.0131225585938,
        623.015625
    ]
}