{
    "left_down": [
        34.02957534790039,
        104.01863098144531,
        178.00039672851562,
        249.02853393554688,
        321.0196533203125,
        400.0191345214844
    ],
    "right_down": [
        66.01190185546875,
        137.01589965820312,
        210.0286102294922,
        282.0320129394531,
        355.00555419921875
    ],
    "left_up": [
        75.0279769897461,
        147.0292205810547,
        220.0224609375,
        292.0246887207031,
        367.0213928222656
    ],
    "right_up": [
        42.002601623535156,
        112.02277374267578,
        186.0071563720703,
        258.00238037109375,
        330.00225830078125,
        411.0143737792969
    ]
}