{
    "left_down": [
        23.010948181152344,
        92.01177215576172,
        162.02627563476562,
        232.01023864746094,
        306.00836181640625,
        378.0002136230469,
        452.02935791015625
    ],
    "right_down": [
        54.03218460083008,
        124.02940368652344,
        194.0245361328125,
        266.0218200683594,
        338.0074768066406,
        411.0032043457031,
        486.0010070800781
    ],
    "left_up": [
        64.00789642333984,
        134.01144409179688,
        203.03170776367188,
        277.0011901855469,
        348.01116943359375,
        421.0302429199219,
        498.0206604003906
    ],
    "right_up": [
        31.01873016357422,
        100.01676940917969,
        170.03297424316406,
        240.0240020751953,
        314.01123046875,
        386.0104064941406,
        461.0205383300781
    ]
}