{
    "left_down": [
        65.01931762695312,
        141.02297973632812,
        219.00535583496094,
        300.0060729980469,
        384.00738525390625,
        469.0133972167969
    ],
    "right_down": [
        27.01331329345703,
        104.0093002319336,
        180.00030517578125,
        259.0121154785156,
        343.02081298828125,
        428.0287780761719,
        515.0012817382812
    ],
    "left_up": [
        38.01309585571289,
        114.01549530029297,
        191.0222930908203,
        271.00384521484375,
        355.0002746582031,
        439.0258483886719,
        529.0106201171875
    ],
    "right_up": [
        3.032371759414673,
        76.02477264404297,
        152.0218048095703,
        229.03250122070312,
        311.0154724121094,
        395.0234375,
        481.0126647949219
    ]
}