{
    "left_down": [
        41.025611877441406,
        112.00457763671875,
        179.01144409179688,
        242.0309600830078,
        310.01934814453125,
        378.0243225097656,
        450.03179931640625
    ],
    "right_down": [
        8.016088485717773,
        78.01304626464844,
        147.0176239013672,
        213.01271057128906,
        277.0255126953125,
        345.0234069824219,
        415.00994873046875
    ],
    "left_up": [
        15.024312019348145,
        87.01187133789062,
        156.00791931152344,
        221.0077667236328,
        286.0160827636719,
        354.01361083984375,
        424.02386474609375
    ],
    "right_up": [
        0.047079868614673615,
        52.00941848754883,
        122.00732421875,
        188.01986694335938,
        251.02735900878906,
        320.0087890625,
        388.0075988769531,
        461.0038146972656
    ]
}