{
    "left_down": [
        15.029541015625,
        97.01826477050781,
        175.0042724609375,
        252.0148468017578,
        330.0119323730469,
        404.0027160644531,
        483.0082702636719
    ],
    "right_down": [
        57.02085876464844,
        135.02481079101562,
        213.02943420410156,
        291.01312255859375,
        365.02386474609375,
        441.02825927734375
    ],
    "left_up": [
        69.00749206542969,
        146.01217651367188,
        224.0145721435547,
        302.0183410644531,
        376.00201416015625,
        452.0313720703125
    ],
    "right_up": [
        28.000329971313477,
        107.0340347290039,
        185.02322387695312,
        262.0335693359375,
        339.0270690917969,
        413.03289794921875,
        495.0066833496094
    ]
}