{
    "left_down": [
        26.042768478393555,
        97.01509094238281,
        168.0041961669922,
        237.0201873779297,
        305.0202331542969,
        373.01531982421875,
        442.03277587890625
    ],
    "right_down": [
        62.00841522216797,
        131.0310516357422,
        202.00192260742188,
        270.0225524902344,
        338.0074768066406,
        407.0143737792969
    ],
    "left_up": [
        71.00531005859375,
        141.0029754638672,
        211.01417541503906,
        279.03009033203125,
        347.012939453125,
        416.02069091796875
    ],
    "right_up": [
        37.00170135498047,
        106.02478790283203,
        177.01231384277344,
        246.0238494873047,
        314.0149841308594,
        382.0266418457031,
        452.0218505859375
    ]
}