{
    "left_down": [
        44.011051177978516,
        113.02385711669922,
        184.00448608398438,
        257.02191162109375,
        331.0115051269531
    ],
    "right_down": [
        10.01163387298584,
        78.01656341552734,
        149.0063018798828,
        220.01666259765625,
        294.0279541015625
    ],
    "left_up": [
        19.01093864440918,
        88.00328826904297,
        158.0211639404297,
        230.0111846923828,
        304.01690673828125
    ],
    "right_up": [
        0.0013052133144810796,
        53.00518798828125,
        122.0317153930664,
        193.01234436035156,
        267.015380859375,
        340.027587890625
    ]
}