{
    "left_down": [
        48.0176887512207,
        115.02595520019531,
        184.02561950683594,
        253.0209197998047,
        322.0227355957031,
        394.0303955078125
    ],
    "right_down": [
        11.014203071594238,
        80.01668548583984,
        148.02159118652344,
        217.01412963867188,
        286.001708984375,
        355.0223388671875
    ],
    "left_up": [
        20.023542404174805,
        89.00397491455078,
        157.02093505859375,
        226.01303100585938,
        295.0055847167969,
        365.0265197753906
    ],
    "right_up": [
        56.021183013916016,
        124.00422668457031,
        193.00631713867188,
        261.0321350097656,
        331.0073547363281,
        404.011962890625
    ]
}