{
    "left_down": [
        21.0363826751709,
        97.03130340576172,
        172.01918029785156,
        246.0128631591797,
        320.0033874511719,
        399.00897216796875
    ],
    "right_down": [
        58.00782775878906,
        132.00775146484375,
        206.00274658203125,
        279.01531982421875,
        355.022705078125
    ],
    "left_up": [
        68.01991271972656,
        142.02447509765625,
        216.01829528808594,
        289.0240783691406,
        367.0081787109375
    ],
    "right_up": [
        31.01406478881836,
        106.02120971679688,
        181.00218200683594,
        254.0193328857422,
        328.0328063964844,
        409.0175476074219
    ]
}