{
    "left_down": [
        54.012752532958984,
        128.00538635253906,
        201.00306701660156,
        271.0252990722656,
        341.0243225097656,
        414.00244140625
    ],
    "right_down": [
        18.00836944580078,
        93.01563262939453,
        167.020751953125,
        237.02223205566406,
        308.0107421875,
        378.0138854980469,
        454.0143127441406
    ],
    "left_up": [
        28.01949691772461,
        102.02104187011719,
        176.02296447753906,
        246.0259552001953,
        317.0133361816406,
        388.0006103515625,
        465.00323486328125
    ],
    "right_up": [
        0.013921212404966354,
        65.01349639892578,
        139.00918579101562,
        211.0094757080078,
        282.00390625,
        351.0235290527344,
        424.03106689453125
    ]
}