{
    "left_down": [
        51.02140426635742,
        122.00396728515625,
        193.02236938476562,
        267.0224304199219
    ],
    "right_down": [
        15.021438598632812,
        86.01836395263672,
        157.01751708984375,
        229.00047302246094,
        304.02728271484375
    ],
    "left_up": [
        26.000350952148438,
        95.030029296875,
        167.006591796875,
        239.01084899902344,
        317.01031494140625
    ],
    "right_up": [
        60.029212951660156,
        131.0004119873047,
        202.02105712890625,
        276.0326232910156
    ]
}