{
    "left_down": [
        23.020915985107422,
        93.00076293945312,
        161.00753784179688,
        228.0239715576172,
        297.02978515625
    ],
    "right_down": [
        56.02345657348633,
        124.0257797241211,
        193.0086669921875,
        260.0123291015625,
        331.0049133300781
    ],
    "left_up": [
        66.00578308105469,
        134.00140380859375,
        202.01646423339844,
        269.0260314941406,
        341.02001953125
    ],
    "right_up": [
        32.03371047973633,
        101.02949523925781,
        170.00503540039062,
        237.01177978515625,
        307.0045471191406
    ]
}