{
    "left_down": [
        51.02236557006836,
        116.01739501953125,
        181.02996826171875,
        248.0045623779297,
        316.0205383300781,
        387.02008056640625
    ],
    "right_down": [
        17.006458282470703,
        81.02149200439453,
        146.02870178222656,
        212.02577209472656,
        280.0269470214844,
        349.0054931640625
    ],
    "left_up": [
        26.00102424621582,
        90.0106430053711,
        155.02362060546875,
        221.0231475830078,
        290.0050048828125,
        359.004638671875
    ],
    "right_up": [
        58.03090286254883,
        123.03036499023438,
        189.01873779296875,
        256.00787353515625,
        324.0238037109375,
        396.01568603515625
    ]
}