{
    "left_down": [
        16.02423858642578,
        76.0313949584961,
        136.02847290039062,
        199.02020263671875,
        261.01776123046875,
        325.010498046875,
        389.021484375,
        455.0046691894531
    ],
    "right_down": [
        45.01690673828125,
        105.00702667236328,
        165.02719116210938,
        228.02890014648438,
        290.0289611816406,
        354.02001953125,
        418.0304870605469
    ],
    "left_up": [
        53.004581451416016,
        112.02467346191406,
        174.00003051757812,
        236.0285186767578,
        299.0191345214844,
        363.01385498046875,
        428.0110778808594
    ],
    "right_up": [
        24.017898559570312,
        84.00291442871094,
        144.00723266601562,
        207.01187133789062,
        269.001220703125,
        333.00042724609375,
        397.019775390625,
        463.00238037109375
    ]
}