{
    "left_down": [
        41.02732849121094,
        110.03053283691406,
        181.00213623046875,
        249.0241241455078,
        319.0079650878906,
        388.0092468261719
    ],
    "right_down": [
        8.028810501098633,
        77.02947235107422,
        147.0127716064453,
        216.01902770996094,
        286.0000305175781,
        354.01556396484375,
        426.0234680175781
    ],
    "left_up": [
        16.02187156677246,
        86.0244140625,
        156.0179901123047,
        225.01780700683594,
        295.00665283203125,
        363.0199279785156,
        436.0083312988281
    ],
    "right_up": [
        0.030619800090789795,
        51.02566909790039,
        120.02733612060547,
        190.0308837890625,
        259.0107116699219,
        328.0254211425781,
        398.0045166015625
    ]
}