{
    "left_down": [
        44.01667404174805,
        116.00994873046875,
        187.0067596435547,
        263.015380859375,
        337.01373291015625
    ],
    "right_down": [
        9.024271965026855,
        81.02265930175781,
        152.02464294433594,
        225.02442932128906,
        301.003173828125,
        373.03369140625
    ],
    "left_up": [
        18.022748947143555,
        90.0257339477539,
        161.0272979736328,
        236.0036163330078,
        311.00152587890625,
        385.0061340332031
    ],
    "right_up": [
        0.013089878484606743,
        53.02364730834961,
        125.02497100830078,
        196.02804565429688,
        273.0107421875,
        346.0333557128906
    ]
}