{
    "left_down": [
        26.03340721130371,
        107.01700592041016,
        188.00534057617188,
        271.0160827636719,
        355.0141296386719,
        439.0003967285156,
        519.0128173828125
    ],
    "right_down": [
        64.0323486328125,
        142.0289764404297,
        226.0304412841797,
        310.00189208984375,
        393.0122985839844,
        474.0313720703125
    ],
    "left_up": [
        76.02461242675781,
        154.02513122558594,
        238.02635192871094,
        323.01715087890625,
        406.0268249511719,
        487.0267333984375
    ],
    "right_up": [
        37.026161193847656,
        116.03160858154297,
        199.0155792236328,
        282.0083923339844,
        365.0018615722656,
        448.0216979980469,
        529.0198974609375
    ]
}