{
    "left_down": [
        60.015384674072266,
        133.03070068359375,
        207.00259399414062,
        281.0147399902344,
        359.0012512207031
    ],
    "right_down": [
        21.022109985351562,
        96.0141830444336,
        169.0162811279297,
        242.01268005371094,
        319.0177001953125,
        396.0254821777344
    ],
    "left_up": [
        32.01898956298828,
        106.02428436279297,
        179.0218963623047,
        252.0191650390625,
        330.0083923339844,
        409.015869140625
    ],
    "right_up": [
        0.0489993691444397,
        69.0158462524414,
        142.025146484375,
        216.0018310546875,
        290.029052734375,
        368.0289306640625
    ]
}