{
    "left_down": [
        52.03013229370117,
        117.01544952392578,
        186.00750732421875,
        253.01576232910156,
        321.00830078125,
        391.00213623046875
    ],
    "right_down": [
        18.028865814208984,
        83.0185546875,
        149.02725219726562,
        218.01878356933594,
        285.00958251953125,
        353.0303955078125
    ],
    "left_up": [
        27.013425827026367,
        91.02418518066406,
        158.03025817871094,
        227.00936889648438,
        294.0086364746094,
        363.0245666503906
    ],
    "right_up": [
        60.01323318481445,
        125.0102310180664,
        194.0186004638672,
        261.0182189941406,
        329.0118713378906,
        399.0351867675781
    ]
}