{
    "left_down": [
        60.027870178222656,
        138.0015106201172,
        216.02662658691406,
        295.0229797363281,
        374.0284729003906,
        458.0059814453125
    ],
    "right_down": [
        20.016212463378906,
        101.03257751464844,
        178.0305938720703,
        258.0277099609375,
        337.02545166015625,
        418.0054931640625,
        501.0075988769531
    ],
    "left_up": [
        32.01520538330078,
        111.02200317382812,
        188.0251007080078,
        267.030517578125,
        347.0033264160156,
        429.00006103515625,
        512.022705078125
    ],
    "right_up": [
        0.037751540541648865,
        75.00064849853516,
        150.0079803466797,
        229.0067138671875,
        306.0277404785156,
        386.00286865234375,
        470.0000915527344
    ]
}