{
    "left_down": [
        59.01177978515625,
        132.02296447753906,
        206.0144500732422,
        283.0306396484375,
        363.024169921875
    ],
    "right_down": [
        18.020971298217773,
        91.0096206665039,
        166.03187561035156,
        241.01564025878906,
        321.01580810546875,
        398.01434326171875
    ],
    "left_up": [
        29.024253845214844,
        102.0025634765625,
        177.00680541992188,
        252.02792358398438,
        333.00750732421875,
        411.0251159667969
    ],
    "right_up": [
        0.02127288654446602,
        67.03304290771484,
        142.01687622070312,
        216.01553344726562,
        294.0285949707031,
        374.0038146972656
    ]
}