{
    "left_down": [
        19.027156829833984,
        88.00346374511719,
        158.0111541748047,
        227.02120971679688,
        300.005859375,
        370.0290222167969,
        441.0317077636719
    ],
    "right_down": [
        54.00297164916992,
        123.03057098388672,
        193.0146484375,
        264.0273742675781,
        336.02606201171875,
        406.016845703125
    ],
    "left_up": [
        63.00354766845703,
        132.02723693847656,
        202.0059051513672,
        274.0094909667969,
        345.0238952636719,
        416.0018005371094
    ],
    "right_up": [
        29.02172088623047,
        97.02194213867188,
        167.02645874023438,
        237.00546264648438,
        309.0253601074219,
        380.0047302246094,
        451.0171813964844
    ]
}