{
    "left_down": [
        27.02568244934082,
        109.005859375,
        193.00535583496094,
        272.0230407714844,
        355.0189208984375,
        437.004638671875,
        518.0013427734375,
        598.0107421875
    ],
    "right_down": [
        68.01657104492188,
        151.01193237304688,
        233.0243682861328,
        314.0257873535156,
        396.0278015136719,
        478.0332946777344,
        558.0244140625
    ],
    "left_up": [
        80.00032043457031,
        162.027587890625,
        244.00588989257812,
        326.0037841796875,
        407.02532958984375,
        489.0245666503906,
        569.021728515625
    ],
    "right_up": [
        40.003196716308594,
        120.02893829345703,
        204.00669860839844,
        283.0160827636719,
        366.00982666015625,
        448.0049133300781,
        528.0213623046875,
        609.0211181640625
    ]
}