{
    "left_down": [
        19.03036117553711,
        90.00411987304688,
        152.00885009765625,
        212.0223846435547,
        272.02001953125,
        332.00848388671875,
        395.0058288574219,
        457.0003662109375,
        520.0305786132812
    ],
    "right_down": [
        51.03042984008789,
        118.03386688232422,
        179.01983642578125,
        240.01708984375,
        299.0149230957031,
        360.0257873535156,
        423.01824951171875,
        485.0122985839844,
        550.0263061523438
    ],
    "left_up": [
        62.02799987792969,
        127.0206069946289,
        187.02386474609375,
        248.01193237304688,
        307.0126647949219,
        369.0131530761719,
        432.00244140625,
        494.0157165527344,
        560.0054321289062
    ],
    "right_up": [
        28.027854919433594,
        97.02664184570312,
        159.0021514892578,
        219.02552795410156,
        279.0068359375,
        339.0104064941406,
        402.0157165527344,
        464.00946044921875,
        528.0261840820312
    ]
}