{
    "left_down": [
        9.026500701904297,
        77.0259780883789,
        145.00050354003906,
        211.0178680419922,
        279.0071716308594,
        348.03192138671875
    ],
    "right_down": [
        42.023929595947266,
        111.00260925292969,
        178.00369262695312,
        245.01181030273438,
        313.021484375
    ],
    "left_up": [
        52.01657485961914,
        120.00592041015625,
        186.0259246826172,
        254.00347900390625,
        322.0286560058594
    ],
    "right_up": [
        19.024669647216797,
        86.026123046875,
        153.02493286132812,
        220.01614379882812,
        288.01470947265625,
        359.0035400390625
    ]
}