{
    "left_down": [
        9.00690746307373,
        77.00251770019531,
        140.0312042236328,
        207.01168823242188,
        274.0299072265625,
        344.0227966308594
    ],
    "right_down": [
        42.0280876159668,
        109.02043914794922,
        174.0114288330078,
        241.0300750732422,
        309.001708984375
    ],
    "left_up": [
        52.01055908203125,
        117.02161407470703,
        182.0269012451172,
        250.01429748535156,
        318.0141906738281
    ],
    "right_up": [
        19.005342483520508,
        85.0313720703125,
        149.02163696289062,
        216.01910400390625,
        283.0313720703125,
        355.00140380859375
    ]
}