{
    "left_down": [
        19.002182006835938,
        86.00924682617188,
        157.00790405273438,
        226.0271759033203
    ],
    "right_down": [
        53.0025749206543,
        122.0107650756836,
        192.01492309570312,
        262.009033203125
    ],
    "left_up": [
        62.00938034057617,
        131.02383422851562,
        201.0192413330078,
        273.0005187988281
    ],
    "right_up": [
        28.00609588623047,
        95.0068588256836,
        166.0099334716797,
        235.03150939941406
    ]
}