{
    "left_down": [
        16.0220890045166,
        88.01525115966797,
        158.0264129638672,
        227.00328063964844,
        296.02392578125,
        369.0134582519531,
        444.004150390625
    ],
    "right_down": [
        48.03238296508789,
        121.0018310546875,
        190.0331268310547,
        259.0282287597656,
        331.01171875,
        403.0312805175781
    ],
    "left_up": [
        59.02366256713867,
        130.02621459960938,
        199.0312957763672,
        268.0293273925781,
        341.0010986328125,
        414.015380859375
    ],
    "right_up": [
        25.000808715820312,
        96.02290344238281,
        167.0062255859375,
        235.01332092285156,
        305.0202331542969,
        378.01556396484375,
        453.02972412109375
    ]
}