{
    "left_down": [
        36.000579833984375,
        106.02389526367188,
        177.02369689941406,
        248.0127410888672,
        314.02972412109375
    ],
    "right_down": [
        7.016474723815918,
        70.02339935302734,
        141.00025939941406,
        212.02328491210938,
        279.0187683105469,
        347.0277099609375
    ],
    "left_up": [
        10.032310485839844,
        79.01310729980469,
        149.03189086914062,
        221.0229034423828,
        288.00823974609375,
        358.00091552734375
    ],
    "right_up": [
        1.0212854146957397,
        44.02012252807617,
        115.0294418334961,
        186.0261688232422,
        256.0210266113281,
        323.00506591796875
    ]
}