{
    "left_down": [
        9.017372131347656,
        71.00425720214844,
        130.00714111328125,
        189.00559997558594,
        250.01361083984375,
        310.0236511230469,
        373.0036926269531,
        439.0055236816406
    ],
    "right_down": [
        37.02702713012695,
        98.0279541015625,
        157.0160369873047,
        217.0117645263672,
        278.0111389160156,
        339.0203552246094,
        403.0000305175781
    ],
    "left_up": [
        46.00605010986328,
        106.01271057128906,
        164.0313262939453,
        225.0156707763672,
        286.0090026855469,
        347.0300598144531,
        411.0268859863281
    ],
    "right_up": [
        17.004619598388672,
        78.00360107421875,
        136.03297424316406,
        196.00892639160156,
        257.0230712890625,
        318.0060119628906,
        380.02642822265625
    ]
}