{
    "left_down": [
        15.032059669494629,
        82.00271606445312,
        147.02508544921875,
        212.01589965820312
    ],
    "right_down": [
        46.023284912109375,
        112.01685333251953,
        177.027587890625,
        243.0245819091797
    ],
    "left_up": [
        55.018070220947266,
        121.00720977783203,
        186.00689697265625,
        253.00733947753906
    ],
    "right_up": [
        23.0202693939209,
        89.01521301269531,
        154.033203125,
        219.02809143066406
    ]
}