{
    "left_down": [
        17.031898498535156,
        87.02603912353516,
        159.00454711914062,
        231.0082550048828,
        307.02471923828125
    ],
    "right_down": [
        52.01747512817383,
        123.00559997558594,
        194.0313720703125,
        268.01287841796875
    ],
    "left_up": [
        61.03101348876953,
        132.02279663085938,
        204.00747680664062,
        278.0311279296875
    ],
    "right_up": [
        27.01993179321289,
        97.00293731689453,
        168.0146026611328,
        240.02899169921875,
        318.0115966796875
    ]
}