{
    "left_down": [
        40.02980041503906,
        101.00738525390625,
        160.0062255859375,
        219.02227783203125,
        280.0299987792969,
        342.0150146484375,
        405.00640869140625
    ],
    "right_down": [
        9.020318031311035,
        70.01409912109375,
        129.0323028564453,
        188.02493286132812,
        249.00387573242188,
        310.0119323730469,
        372.021240234375,
        436.01593017578125
    ],
    "left_up": [
        17.004329681396484,
        77.02839660644531,
        137.0056610107422,
        196.00482177734375,
        256.0290832519531,
        318.0096130371094,
        380.025146484375,
        444.01312255859375
    ],
    "right_up": [
        48.00093078613281,
        108.01002502441406,
        167.00164794921875,
        226.0308837890625,
        288.01251220703125,
        350.0030822753906,
        412.0320129394531
    ]
}