{
    "left_down": [
        25.030344009399414,
        105.02774810791016,
        187.0222625732422,
        264.0219421386719,
        343.02691650390625,
        426.02880859375,
        504.00994873046875,
        588.0177612304688,
        682.0145874023438
    ],
    "right_down": [
        65.0207290649414,
        145.02392578125,
        224.01678466796875,
        304.0066223144531,
        386.00177001953125,
        465.01104736328125,
        543.0305786132812,
        633.0281372070312
    ],
    "left_up": [
        77.00557708740234,
        157.0297393798828,
        235.00912475585938,
        314.0283203125,
        398.0023498535156,
        476.0126647949219,
        556.0032958984375,
        649.027099609375
    ],
    "right_up": [
        36.034751892089844,
        115.03012084960938,
        197.01107788085938,
        275.0014343261719,
        354.03216552734375,
        436.0151062011719,
        513.0280151367188,
        601.004150390625
    ]
}