{
    "left_down": [
        7.012374401092529,
        77.00875854492188,
        146.0126953125,
        211.0054931640625,
        277.0075378417969,
        345.0118103027344,
        415.0255126953125
    ],
    "right_down": [
        41.01384353637695,
        111.01305389404297,
        178.0232696533203,
        242.03082275390625,
        311.0044250488281,
        378.0307922363281,
        453.0029602050781
    ],
    "left_up": [
        51.02080535888672,
        121.00121307373047,
        187.01168823242188,
        251.0254669189453,
        320.0083312988281,
        388.01513671875,
        464.03021240234375
    ],
    "right_up": [
        17.018348693847656,
        86.00812530517578,
        155.0037078857422,
        219.0143585205078,
        286.0051574707031,
        354.0084228515625,
        425.01885986328125
    ]
}