{
    "left_down": [
        12.019289016723633,
        87.0152816772461,
        154.03089904785156,
        225.0292510986328,
        298.0227966308594,
        370.01922607421875,
        445.0140380859375
    ],
    "right_down": [
        49.02083206176758,
        120.0334701538086,
        189.0078125,
        262.0169982910156,
        334.0193176269531,
        407.0060119628906,
        484.0014953613281
    ],
    "left_up": [
        60.01472091674805,
        129.02137756347656,
        198.01539611816406,
        271.0286560058594,
        343.0239562988281,
        416.02862548828125,
        496.0117492675781
    ],
    "right_up": [
        23.000934600830078,
        96.02481842041016,
        163.02145385742188,
        235.01596069335938,
        308.0062561035156,
        380.0054931640625,
        455.0157775878906
    ]
}