{
    "left_down": [
        66.02516174316406,
        140.00369262695312,
        208.00299072265625,
        276.0043640136719,
        345.0262451171875,
        415.018798828125,
        488.0019836425781
    ],
    "right_down": [
        21.019685745239258,
        104.00504302978516,
        173.0161590576172,
        241.01791381835938,
        309.0257568359375,
        380.01141357421875,
        450.0090637207031,
        529.0137329101562
    ],
    "left_up": [
        34.0125732421875,
        113.02952575683594,
        182.02146911621094,
        250.0196075439453,
        319.0058898925781,
        389.01690673828125,
        459.0315246582031,
        543.0210571289062
    ],
    "right_up": [
        0.017122097313404083,
        77.00550079345703,
        148.021240234375,
        216.0145721435547,
        284.0213317871094,
        354.025634765625,
        424.0140380859375,
        498.00408935546875
    ]
}