{
    "left_down": [
        10.011640548706055,
        71.01001739501953,
        131.00250244140625,
        191.02593994140625,
        254.00473022460938,
        316.0175476074219,
        379.005859375,
        443.0044250488281
    ],
    "right_down": [
        39.0205192565918,
        100.01115417480469,
        160.0142364501953,
        222.00686645507812,
        285.0149841308594,
        347.0007629394531,
        410.024169921875,
        476.02557373046875
    ],
    "left_up": [
        47.03050994873047,
        108.00572204589844,
        168.0168914794922,
        230.01268005371094,
        293.01727294921875,
        355.0071105957031,
        419.0001220703125,
        486.0251770019531
    ],
    "right_up": [
        18.019594192504883,
        78.01496887207031,
        138.00875854492188,
        199.01319885253906,
        262.0084228515625,
        324.01568603515625,
        387.01068115234375,
        451.0093688964844
    ]
}