{
    "left_down": [
        21.02129554748535,
        91.02173614501953,
        164.0088653564453,
        236.02456665039062,
        309.00897216796875,
        382.0237731933594
    ],
    "right_down": [
        55.025997161865234,
        124.0135498046875,
        198.0297393798828,
        269.0156555175781,
        343.02569580078125,
        420.0128173828125
    ],
    "left_up": [
        65.00726318359375,
        134.02090454101562,
        208.02835083007812,
        279.0240478515625,
        353.0264587402344,
        432.0169372558594
    ],
    "right_up": [
        30.034629821777344,
        100.01270294189453,
        173.0274658203125,
        245.0177764892578,
        318.0299377441406,
        393.0072937011719
    ]
}