{
    "left_down": [
        24.014629364013672,
        97.0297622680664,
        171.0209503173828,
        245.00357055664062,
        322.01495361328125,
        400.0152587890625
    ],
    "right_down": [
        61.00053405761719,
        134.017333984375,
        208.00949096679688,
        282.01611328125,
        359.0244140625
    ],
    "left_up": [
        70.02870178222656,
        144.00741577148438,
        217.0247344970703,
        293.01361083984375,
        370.0308837890625
    ],
    "right_up": [
        34.02796173095703,
        107.02406311035156,
        181.0092010498047,
        254.02557373046875,
        332.0131530761719,
        411.0075988769531
    ]
}