{
    "left_down": [
        14.009272575378418,
        91.01008605957031,
        164.02255249023438,
        239.00653076171875,
        315.0221862792969,
        390.01690673828125
    ],
    "right_down": [
        51.01575469970703,
        128.01318359375,
        200.028564453125,
        275.03387451171875,
        351.0108337402344
    ],
    "left_up": [
        62.028358459472656,
        138.00765991210938,
        211.01295471191406,
        287.005126953125,
        362.0059814453125
    ],
    "right_up": [
        25.00216293334961,
        101.01741790771484,
        174.0079803466797,
        249.00439453125,
        325.0073547363281,
        401.0016174316406
    ]
}