{
    "left_down": [
        56.0219612121582,
        128.00782775878906,
        197.01153564453125,
        266.0112609863281,
        337.0054016113281,
        406.0040283203125,
        476.0316162109375
    ],
    "right_down": [
        18.021522521972656,
        92.00835418701172,
        162.03184509277344,
        231.01324462890625,
        301.0218811035156,
        372.00408935546875,
        441.01947021484375
    ],
    "left_up": [
        29.00910186767578,
        101.02222442626953,
        171.02723693847656,
        240.00791931152344,
        310.0267639160156,
        380.02923583984375,
        450.0299072265625
    ],
    "right_up": [
        66.00038146972656,
        137.0148468017578,
        206.0029296875,
        275.013427734375,
        346.0102844238281,
        415.0018615722656,
        486.01715087890625
    ]
}