{
    "left_down": [
        58.00788116455078,
        131.01502990722656,
        203.0154571533203,
        275.02398681640625,
        349.0023193359375,
        420.02423095703125,
        499.02130126953125
    ],
    "right_down": [
        18.030275344848633,
        92.02499389648438,
        166.00164794921875,
        237.0115966796875,
        311.0023193359375,
        382.009765625,
        458.02972412109375
    ],
    "left_up": [
        29.006513595581055,
        102.01398468017578,
        175.015625,
        246.02685546875,
        320.0259704589844,
        391.0216369628906,
        469.01898193359375
    ],
    "right_up": [
        0.001857481780461967,
        66.03225708007812,
        140.0082244873047,
        212.0016632080078,
        284.0247802734375,
        357.0183410644531,
        430.00592041015625,
        509.0233459472656
    ]
}