{
    "left_down": [
        16.011144638061523,
        97.02177429199219,
        175.0307159423828,
        255.02784729003906,
        334.0207824707031,
        418.0291748046875,
        499.0086975097656
    ],
    "right_down": [
        55.031333923339844,
        135.0124969482422,
        213.02325439453125,
        293.0232238769531,
        374.01361083984375,
        458.03240966796875
    ],
    "left_up": [
        69.00037384033203,
        147.00462341308594,
        226.01145935058594,
        305.02178955078125,
        386.03155517578125,
        470.01556396484375
    ],
    "right_up": [
        27.03250503540039,
        107.0193862915039,
        185.02830505371094,
        265.02899169921875,
        344.0260925292969,
        429.0215759277344,
        509.0320739746094
    ]
}