{
    "left_down": [
        13.027960777282715,
        74.03026580810547,
        133.02267456054688,
        192.01451110839844,
        252.00238037109375,
        313.0055847167969,
        375.0004577636719,
        439.0002746582031
    ],
    "right_down": [
        42.02894592285156,
        103.02360534667969,
        162.00668334960938,
        220.0277557373047,
        281.01171875,
        342.0215148925781,
        405.0317687988281,
        469.02178955078125
    ],
    "left_up": [
        50.03264236450195,
        110.03173828125,
        169.01422119140625,
        228.01119995117188,
        289.00421142578125,
        350.02056884765625,
        414.0097351074219,
        478.0179443359375
    ],
    "right_up": [
        21.011249542236328,
        82.00077819824219,
        140.01638793945312,
        199.01040649414062,
        259.00775146484375,
        320.01806640625,
        382.02923583984375,
        446.02276611328125
    ]
}