{
    "left_down": [
        35.01693344116211,
        109.02030944824219,
        182.0274658203125,
        252.0146484375,
        320.02484130859375,
        390.0297546386719,
        464.0310363769531
    ],
    "right_down": [
        15.022768020629883,
        69.02043151855469,
        142.0305633544922,
        215.00711059570312,
        284.0013732910156,
        352.031982421875,
        424.0296936035156
    ],
    "left_up": [
        17.029874801635742,
        79.02204132080078,
        153.00437927246094,
        224.0205535888672,
        293.0076599121094,
        362.013427734375,
        435.0118713378906
    ],
    "right_up": [
        6.012209415435791,
        41.01192855834961,
        118.00202941894531,
        191.0037841796875,
        260.0093688964844,
        328.0235900878906,
        399.0152587890625,
        473.0328369140625
    ]
}