{
    "left_down": [
        21.03723907470703,
        94.01312255859375,
        169.0260467529297,
        244.02622985839844,
        325.011474609375,
        403.0175476074219
    ],
    "right_down": [
        56.01847457885742,
        129.03053283691406,
        204.0101776123047,
        281.02423095703125,
        361.0263671875
    ],
    "left_up": [
        66.0152816772461,
        140.0198516845703,
        214.03228759765625,
        293.01123046875,
        372.02984619140625
    ],
    "right_up": [
        31.0246524810791,
        104.00370788574219,
        179.00669860839844,
        254.03260803222656,
        336.0018005371094,
        414.00384521484375
    ]
}