{
    "left_down": [
        44.01286697387695,
        109.02162170410156,
        174.0164337158203,
        243.00343322753906,
        311.0237731933594
    ],
    "right_down": [
        8.022607803344727,
        76.02935028076172,
        140.03314208984375,
        207.003173828125,
        276.0125427246094,
        346.00067138671875
    ],
    "left_up": [
        17.021764755249023,
        85.01773071289062,
        149.02146911621094,
        216.0222625732422,
        285.03314208984375,
        356.0221252441406
    ],
    "right_up": [
        52.01800537109375,
        117.01956939697266,
        182.02232360839844,
        251.0271453857422,
        319.0269470214844
    ]
}