{
    "left_down": [
        53.02366256713867,
        123.02155303955078,
        193.02963256835938,
        265.00897216796875,
        337.0157775878906,
        407.0188293457031
    ],
    "right_down": [
        15.022915840148926,
        87.00595092773438,
        158.0147705078125,
        227.03106689453125,
        301.0042419433594,
        372.0000915527344,
        443.01959228515625
    ],
    "left_up": [
        26.015682220458984,
        96.0321044921875,
        168.00021362304688,
        237.01918029785156,
        310.02886962890625,
        381.0085144042969,
        454.0128173828125
    ],
    "right_up": [
        62.00579071044922,
        132.01422119140625,
        202.01693725585938,
        274.0153503417969,
        346.01220703125,
        416.01300048828125
    ]
}