{
    "left_down": [
        46.0228157043457,
        112.00993347167969,
        178.0072784423828,
        243.02008056640625,
        310.01055908203125
    ],
    "right_down": [
        11.009666442871094,
        77.00273132324219,
        142.02049255371094,
        208.01776123046875,
        273.0305480957031,
        342.01690673828125
    ],
    "left_up": [
        20.001462936401367,
        85.02609252929688,
        151.01705932617188,
        217.00819396972656,
        282.0229797363281,
        352.0237731933594
    ],
    "right_up": [
        54.009395599365234,
        119.02690124511719,
        185.0230255126953,
        250.0323486328125,
        318.0126037597656
    ]
}