{
    "left_down": [
        20.007755279541016,
        88.0073013305664,
        156.0181884765625,
        227.02613830566406,
        296.02880859375,
        367.0270690917969,
        438.0007019042969,
        513.0047607421875
    ],
    "right_down": [
        51.00967025756836,
        120.03382873535156,
        188.02883911132812,
        260.0154113769531,
        330.01788330078125,
        400.03271484375,
        473.03125
    ],
    "left_up": [
        60.0257453918457,
        129.03114318847656,
        198.02708435058594,
        269.01190185546875,
        339.02410888671875,
        410.0011901855469,
        484.01116943359375
    ],
    "right_up": [
        28.005935668945312,
        96.014892578125,
        164.016845703125,
        236.00717163085938,
        305.009765625,
        376.009033203125,
        446.0325622558594
    ]
}