{
    "left_down": [
        68.02430725097656,
        136.0066375732422,
        203.0197296142578,
        270.0105285644531,
        336.0148620605469,
        404.00616455078125
    ],
    "right_down": [
        29.022769927978516,
        101.01358795166016,
        166.02276611328125,
        235.0084686279297,
        301.009765625,
        367.0018005371094,
        437.0127258300781
    ],
    "left_up": [
        40.002559661865234,
        110.01020050048828,
        175.02479553222656,
        244.00379943847656,
        310.00372314453125,
        376.0065612792969,
        448.0155029296875
    ],
    "right_up": [
        7.009256362915039,
        76.03369903564453,
        143.01922607421875,
        211.01661682128906,
        277.0323181152344,
        343.03271484375,
        412.0226745605469
    ]
}