{
    "left_down": [
        48.01825714111328,
        107.0124740600586,
        168.00669860839844,
        228.01278686523438,
        288.01947021484375,
        351.0064392089844,
        413.0103759765625
    ],
    "right_down": [
        17.018524169921875,
        77.02153778076172,
        136.02740478515625,
        197.0138397216797,
        257.0272521972656,
        318.0242919921875,
        381.0132141113281,
        444.0269775390625
    ],
    "left_up": [
        25.02756118774414,
        85.0081558227539,
        144.0242919921875,
        205.0065460205078,
        265.0176086425781,
        327.0075378417969,
        389.0206298828125,
        453.02911376953125
    ],
    "right_up": [
        55.02729034423828,
        114.02349090576172,
        175.0210418701172,
        235.0248565673828,
        296.0013122558594,
        358.0275573730469,
        420.0278015136719
    ]
}