{
    "left_down": [
        14.021356582641602,
        99.00299072265625,
        180.02645874023438,
        266.0194091796875,
        351.00775146484375,
        434.00701904296875,
        520.0218505859375,
        600.021240234375
    ],
    "right_down": [
        52.002410888671875,
        135.01365661621094,
        221.01956176757812,
        302.0252380371094,
        389.01422119140625,
        473.0272521972656,
        557.0330200195312,
        638.00537109375
    ],
    "left_up": [
        66.02190399169922,
        147.0062255859375,
        234.01974487304688,
        316.0291442871094,
        401.0177307128906,
        487.00994873046875,
        569.009033203125,
        652.003173828125
    ],
    "right_up": [
        26.010921478271484,
        109.00943756103516,
        192.0288848876953,
        276.0018615722656,
        361.02252197265625,
        444.0284118652344,
        530.03076171875,
        611.01708984375
    ]
}