{
    "left_down": [
        22.011144638061523,
        86.01084899902344,
        152.01214599609375,
        221.02110290527344,
        288.0018615722656,
        356.0106506347656
    ],
    "right_down": [
        51.03293228149414,
        116.01030731201172,
        184.02330017089844,
        252.0097198486328,
        319.00152587890625,
        388.0178527832031
    ],
    "left_up": [
        60.015296936035156,
        125.00115966796875,
        194.00323486328125,
        261.00518798828125,
        328.01263427734375,
        399.00445556640625
    ],
    "right_up": [
        29.02321434020996,
        93.01827239990234,
        160.01060485839844,
        229.0116424560547,
        295.0246276855469,
        364.0167236328125
    ]
}