{
    "left_down": [
        17.024484634399414,
        96.00788879394531,
        166.01795959472656,
        236.02024841308594,
        309.01727294921875
    ],
    "right_down": [
        56.00762939453125,
        128.0314178466797,
        199.0240478515625,
        270.02154541015625,
        344.0027770996094
    ],
    "left_up": [
        67.01412963867188,
        138.01878356933594,
        209.0013427734375,
        280.0243225097656,
        355.01336669921875
    ],
    "right_up": [
        28.000791549682617,
        104.0255126953125,
        174.02757263183594,
        244.03366088867188,
        318.01654052734375
    ]
}