{
    "left_down": [
        37.007720947265625,
        126.02838134765625,
        202.004638671875,
        272.0293273925781,
        345.0025939941406,
        417.0067443847656,
        492.01251220703125,
        567.0092163085938,
        641.0143432617188
    ],
    "right_down": [
        77.03238677978516,
        162.00869750976562,
        235.0233612060547,
        306.0096130371094,
        379.0212097167969,
        452.01611328125,
        528.0216064453125,
        602.000732421875
    ],
    "left_up": [
        93.01554870605469,
        172.0237274169922,
        245.00436401367188,
        316.00238037109375,
        388.0305480957031,
        462.02392578125,
        538.0201416015625,
        612.0003662109375
    ],
    "right_up": [
        49.01304244995117,
        136.00953674316406,
        210.02621459960938,
        281.00830078125,
        354.0013732910156,
        426.00506591796875,
        501.0212097167969,
        576.0104370117188,
        651.0115966796875
    ]
}