{
    "left_down": [
        68.01798248291016,
        140.00973510742188,
        214.00509643554688,
        286.0149841308594,
        360.01385498046875
    ],
    "right_down": [
        27.020553588867188,
        101.02507781982422,
        174.00772094726562,
        247.0166015625,
        320.0008239746094,
        396.0247497558594
    ],
    "left_up": [
        38.003597259521484,
        110.03335571289062,
        184.00344848632812,
        256.0328369140625,
        329.01715087890625,
        408.0167236328125
    ],
    "right_up": [
        4.029653549194336,
        76.01204681396484,
        148.01597595214844,
        222.01515197753906,
        294.01983642578125,
        370.0074462890625
    ]
}