{
    "left_down": [
        27.001251220703125,
        102.01769256591797,
        173.01902770996094,
        243.0179443359375,
        314.0110778808594,
        385.01495361328125,
        455.0245056152344,
        532.010009765625
    ],
    "right_down": [
        65.01359558105469,
        137.02554321289062,
        208.03196716308594,
        279.0029296875,
        349.0222473144531,
        421.0080261230469,
        493.0178527832031
    ],
    "left_up": [
        75.0132827758789,
        146.03273010253906,
        217.02957153320312,
        288.001220703125,
        358.02349853515625,
        430.0037841796875,
        503.0286865234375
    ],
    "right_up": [
        38.00285339355469,
        112.00801086425781,
        182.02777099609375,
        252.01963806152344,
        323.0201721191406,
        394.03009033203125,
        465.0060119628906,
        542.0272827148438
    ]
}