{
    "left_down": [
        16.005722045898438,
        91.0205078125,
        165.02407836914062,
        237.00108337402344,
        307.0126953125,
        378.017578125,
        454.0174255371094
    ],
    "right_down": [
        52.02463150024414,
        127.02786254882812,
        200.03269958496094,
        271.0205078125,
        341.02984619140625,
        415.0108642578125
    ],
    "left_up": [
        63.027069091796875,
        138.00379943847656,
        210.01809692382812,
        281.00360107421875,
        351.0203857421875,
        425.0294494628906
    ],
    "right_up": [
        26.028526306152344,
        101.01925659179688,
        175.0171356201172,
        246.0110321044922,
        316.02484130859375,
        388.0030212402344,
        464.0245361328125
    ]
}