{
    "left_down": [
        15.004859924316406,
        80.01107788085938,
        142.00367736816406,
        204.0072479248047,
        266.00933837890625,
        327.025634765625,
        390.0013732910156,
        453.0082702636719,
        525.0137939453125
    ],
    "right_down": [
        46.01071548461914,
        111.00042724609375,
        172.0032196044922,
        233.01959228515625,
        296.0082702636719,
        358.00421142578125,
        420.0166931152344,
        486.0022277832031,
        566.0009765625
    ],
    "left_up": [
        55.01809310913086,
        118.03416442871094,
        180.01858520507812,
        242.0062713623047,
        304.01177978515625,
        366.00811767578125,
        428.023681640625,
        496.025146484375,
        578.0191650390625
    ],
    "right_up": [
        23.02526092529297,
        88.01882934570312,
        149.01898193359375,
        211.01788330078125,
        273.025390625,
        335.0122375488281,
        397.02520751953125,
        461.0144348144531,
        535.0133666992188
    ]
}