{
    "left_down": [
        14.024760246276855,
        83.02204895019531,
        151.0106201171875,
        220.0142822265625,
        289.0050354003906,
        359.0066223144531
    ],
    "right_down": [
        46.026695251464844,
        114.01850128173828,
        183.0220184326172,
        252.00205993652344,
        321.0106506347656,
        391.0242004394531
    ],
    "left_up": [
        56.00200271606445,
        123.01700592041016,
        192.02784729003906,
        261.0099792480469,
        330.0238952636719,
        402.0044860839844
    ],
    "right_up": [
        23.003061294555664,
        91.01762390136719,
        159.01596069335938,
        228.01502990722656,
        297.00732421875,
        367.0191345214844
    ]
}