{
    "left_down": [
        19.037437438964844,
        83.02959442138672,
        148.0275115966797,
        214.0126953125,
        284.0005798339844,
        352.0045471191406
    ],
    "right_down": [
        50.016700744628906,
        114.02506256103516,
        179.0166778564453,
        246.0005340576172,
        315.015625,
        384.0132751464844
    ],
    "left_up": [
        58.021358489990234,
        123.00111389160156,
        188.00352478027344,
        255.01812744140625,
        324.0202331542969,
        395.00860595703125
    ],
    "right_up": [
        27.0296630859375,
        91.01593017578125,
        156.0169677734375,
        222.0092315673828,
        292.0086975097656,
        360.0078430175781
    ]
}