{
    "left_down": [
        13.010285377502441,
        80.0210189819336,
        153.022216796875,
        225.0028076171875,
        298.0096130371094,
        375.0264892578125
    ],
    "right_down": [
        43.006404876708984,
        114.00130462646484,
        187.0077667236328,
        258.0274658203125,
        334.0028381347656
    ],
    "left_up": [
        52.026119232177734,
        124.01605987548828,
        196.03062438964844,
        268.0281677246094,
        345.0169372558594
    ],
    "right_up": [
        21.007402420043945,
        88.02377319335938,
        162.01864624023438,
        233.0216827392578,
        307.01641845703125,
        385.0220642089844
    ]
}