{
    "left_down": [
        53.01287078857422,
        123.01802062988281,
        193.0116729736328,
        264.01800537109375
    ],
    "right_down": [
        17.022506713867188,
        87.01008605957031,
        158.01893615722656,
        228.01547241210938
    ],
    "left_up": [
        27.006698608398438,
        96.01720428466797,
        167.01698303222656,
        238.00164794921875
    ],
    "right_up": [
        62.00385665893555,
        132.024658203125,
        202.01052856445312,
        273.0234375
    ]
}