{
    "left_down": [
        67.01615905761719,
        150.02333068847656,
        234.0027618408203,
        314.0284729003906,
        396.0325622558594,
        479.0179748535156,
        559.0036010742188
    ],
    "right_down": [
        24.023902893066406,
        108.02474975585938,
        192.01673889160156,
        272.02642822265625,
        355.0262145996094,
        436.02447509765625,
        518.031982421875,
        598.0118408203125
    ],
    "left_up": [
        37.005760192871094,
        120.00179290771484,
        204.0009307861328,
        283.0303039550781,
        366.03125,
        448.0075378417969,
        529.0217895507812,
        611.0211181640625
    ],
    "right_up": [
        1.0005881786346436,
        78.02149963378906,
        162.00509643554688,
        244.01211547851562,
        326.0020446777344,
        407.0233459472656,
        490.0113220214844,
        569.0142211914062
    ]
}