{
    "left_down": [
        53.018463134765625,
        128.00033569335938,
        205.00389099121094,
        279.00079345703125,
        354.02410888671875,
        430.0252990722656
    ],
    "right_down": [
        13.018404006958008,
        90.0013198852539,
        164.03392028808594,
        243.00933837890625,
        315.0121765136719,
        392.005126953125
    ],
    "left_up": [
        24.027385711669922,
        100.00529479980469,
        175.00390625,
        252.0186004638672,
        325.02117919921875,
        402.0157165527344
    ],
    "right_up": [
        63.00711441040039,
        137.017578125,
        215.02191162109375,
        288.0145568847656,
        364.0172424316406,
        440.02850341796875
    ]
}