{
    "left_down": [
        68.00005340576172,
        145.02813720703125,
        231.00205993652344,
        315.0281677246094,
        397.0052185058594,
        477.0313720703125
    ],
    "right_down": [
        19.032014846801758,
        104.00963592529297,
        183.03054809570312,
        268.0123291015625,
        352.025390625,
        435.0142517089844,
        514.011474609375
    ],
    "left_up": [
        34.03014373779297,
        115.01104736328125,
        198.00888061523438,
        281.0264892578125,
        364.0081787109375,
        446.0240173339844,
        527.00830078125
    ],
    "right_up": [
        77.00469207763672,
        155.0194549560547,
        240.01376342773438,
        326.0009460449219,
        407.0247802734375,
        488.00250244140625
    ]
}