{
    "left_down": [
        47.02445602416992,
        107.02420043945312,
        168.03060913085938,
        231.02191162109375,
        293.03021240234375,
        357.0107727050781,
        422.00274658203125
    ],
    "right_down": [
        16.02031135559082,
        76.0211181640625,
        137.01893615722656,
        199.0084991455078,
        260.030029296875,
        324.02593994140625,
        388.025146484375,
        453.0078125
    ],
    "left_up": [
        24.01430320739746,
        84.00404357910156,
        145.0076141357422,
        207.01316833496094,
        269.0037841796875,
        332.0317077636719,
        397.01031494140625,
        462.0165100097656
    ],
    "right_up": [
        54.024417877197266,
        115.00616455078125,
        176.01644897460938,
        238.03207397460938,
        301.02532958984375,
        365.00762939453125,
        430.00018310546875
    ]
}