{
    "left_down": [
        52.014747619628906,
        124.01074981689453,
        193.01731872558594,
        263.0038146972656,
        334.0151672363281,
        407.0264892578125
    ],
    "right_down": [
        13.023873329162598,
        86.01683044433594,
        157.0060272216797,
        226.00563049316406,
        295.0094909667969,
        368.0008544921875,
        441.02490234375
    ],
    "left_up": [
        23.011316299438477,
        95.03031158447266,
        166.00550842285156,
        235.0117645263672,
        305.00396728515625,
        377.0321044921875,
        452.026123046875
    ],
    "right_up": [
        61.017372131347656,
        132.03128051757812,
        201.0276641845703,
        271.00848388671875,
        343.0025939941406,
        416.0296325683594
    ]
}