{
    "left_down": [
        28.038963317871094,
        104.02228546142578,
        182.03054809570312,
        261.0076599121094,
        346.02960205078125,
        428.01019287109375,
        512.0032958984375
    ],
    "right_down": [
        68.00146484375,
        144.01393127441406,
        223.0155029296875,
        301.02252197265625,
        387.0074157714844,
        469.027587890625
    ],
    "left_up": [
        77.03096771240234,
        154.0258026123047,
        233.01174926757812,
        314.0052795410156,
        398.00146484375,
        481.0107116699219
    ],
    "right_up": [
        39.03815841674805,
        115.00038146972656,
        193.00994873046875,
        271.0234680175781,
        358.014404296875,
        439.0154724121094,
        523.0235595703125
    ]
}