{
    "left_down": [
        58.02653121948242,
        130.026611328125,
        204.0021514892578,
        275.0276794433594,
        347.0001220703125,
        418.0018005371094
    ],
    "right_down": [
        19.019500732421875,
        93.02964782714844,
        166.01097106933594,
        239.0054168701172,
        310.027099609375,
        381.0267639160156
    ],
    "left_up": [
        30.030790328979492,
        103.03192901611328,
        176.022705078125,
        248.02996826171875,
        320.0104064941406,
        391.0210876464844
    ],
    "right_up": [
        0.004746373742818832,
        67.02339935302734,
        139.02398681640625,
        213.0000457763672,
        284.0295715332031,
        355.0311584472656,
        426.0257568359375
    ]
}