{
    "left_down": [
        53.019344329833984,
        128.0196075439453,
        201.0055389404297,
        275.02301025390625,
        351.01123046875
    ],
    "right_down": [
        13.00011157989502,
        89.025634765625,
        163.01736450195312,
        237.02772521972656,
        313.0304870605469,
        390.0210266113281
    ],
    "left_up": [
        24.020803451538086,
        100.01945495605469,
        173.01986694335938,
        247.031982421875,
        324.0022277832031,
        402.0061340332031
    ],
    "right_up": [
        63.00847244262695,
        138.00314331054688,
        210.0305633544922,
        286.00311279296875,
        361.0219421386719
    ]
}