{
    "left_down": [
        12.009446144104004,
        86.00281524658203,
        157.00233459472656,
        226.00865173339844,
        298.0096740722656,
        371.0000915527344
    ],
    "right_down": [
        48.03219223022461,
        120.0333480834961,
        191.01263427734375,
        260.0128173828125,
        333.0093994140625,
        407.012451171875
    ],
    "left_up": [
        59.01041793823242,
        130.01882934570312,
        200.02645874023438,
        270.0186462402344,
        343.01611328125,
        419.0188903808594
    ],
    "right_up": [
        23.01175308227539,
        95.02915954589844,
        165.03236389160156,
        234.021484375,
        307.00823974609375,
        379.03216552734375
    ]
}