{
    "left_down": [
        36.02054214477539,
        107.00628662109375,
        178.01138305664062,
        249.00363159179688,
        315.0286865234375
    ],
    "right_down": [
        6.0412397384643555,
        70.026611328125,
        141.01016235351562,
        212.02609252929688,
        280.00799560546875,
        348.0321350097656
    ],
    "left_up": [
        11.004186630249023,
        79.01927185058594,
        150.01141357421875,
        222.0030975341797,
        289.0003967285156,
        359.0081481933594
    ],
    "right_up": [
        0.07805744558572769,
        45.01603698730469,
        116.01145935058594,
        187.01434326171875,
        257.0116882324219,
        324.01116943359375
    ]
}