{
    "left_down": [
        58.01819610595703,
        136.0194091796875,
        216.0067138671875,
        295.00146484375,
        374.030517578125,
        459.00567626953125
    ],
    "right_down": [
        21.02495002746582,
        101.0008773803711,
        178.03317260742188,
        257.03399658203125,
        336.0256042480469,
        417.0239562988281,
        499.0171203613281
    ],
    "left_up": [
        31.02789306640625,
        109.0174331665039,
        188.00234985351562,
        267.0005187988281,
        346.0050048828125,
        428.0314636230469,
        511.02471923828125
    ],
    "right_up": [
        0.043672624975442886,
        70.00914001464844,
        147.01345825195312,
        227.0042266845703,
        305.0242004394531,
        386.0001220703125,
        470.017822265625
    ]
}