{
    "left_down": [
        21.02303123474121,
        93.00160217285156,
        163.02151489257812,
        232.03201293945312,
        303.0085754394531,
        374.01080322265625,
        445.0089111328125
    ],
    "right_down": [
        56.02995300292969,
        127.01736450195312,
        198.0079345703125,
        267.0074157714844,
        338.0279846191406,
        409.0091857910156,
        481.0206604003906
    ],
    "left_up": [
        66.02438354492188,
        137.00001525878906,
        207.0113067626953,
        276.02294921875,
        348.00848388671875,
        418.02374267578125,
        493.00335693359375
    ],
    "right_up": [
        31.023509979248047,
        102.014404296875,
        172.0249786376953,
        241.02561950683594,
        312.0161437988281,
        383.0131530761719,
        454.02191162109375
    ]
}