{
    "left_down": [
        48.002479553222656,
        114.00550842285156,
        181.00381469726562,
        248.00692749023438,
        314.0249328613281,
        382.00433349609375
    ],
    "right_down": [
        13.030213356018066,
        80.0228271484375,
        147.01614379882812,
        214.0056610107422,
        280.0306396484375,
        347.005126953125,
        419.0153503417969
    ],
    "left_up": [
        23.00991439819336,
        89.01422882080078,
        156.01414489746094,
        223.0070037841797,
        289.0320739746094,
        355.03271484375,
        430.0117492675781
    ],
    "right_up": [
        56.021053314208984,
        122.02616119384766,
        189.0211944580078,
        256.021728515625,
        323.0033264160156,
        391.01507568359375
    ]
}