{
    "left_down": [
        51.01620864868164,
        116.01077270507812,
        181.01344299316406,
        247.0308074951172,
        317.0070495605469,
        387.0256042480469
    ],
    "right_down": [
        17.00487518310547,
        81.032958984375,
        146.02838134765625,
        212.01901245117188,
        281.01422119140625,
        349.0078125
    ],
    "left_up": [
        25.029016494750977,
        90.01534271240234,
        155.0118865966797,
        221.0083465576172,
        290.0269775390625,
        359.0069580078125
    ],
    "right_up": [
        58.02672576904297,
        123.02375793457031,
        189.00140380859375,
        256.0071105957031,
        325.0028076171875,
        396.01348876953125
    ]
}