{
    "left_down": [
        65.00928497314453,
        137.0132598876953,
        208.01235961914062,
        278.0088195800781,
        349.0050354003906,
        420.0064392089844,
        491.02880859375
    ],
    "right_down": [
        24.0247802734375,
        102.00201416015625,
        173.00448608398438,
        242.02865600585938,
        313.00537109375,
        384.0268249511719,
        454.0126037597656,
        530.0308227539062
    ],
    "left_up": [
        36.01278305053711,
        111.01840209960938,
        182.0203399658203,
        252.00839233398438,
        322.0286560058594,
        394.0093078613281,
        464.00152587890625,
        543.0180053710938
    ],
    "right_up": [
        1.0278574228286743,
        75.01005554199219,
        146.02203369140625,
        217.01170349121094,
        287.0073547363281,
        358.0114440917969,
        429.0096740722656,
        502.0118713378906
    ]
}