{
    "left_down": [
        19.007762908935547,
        77.01158142089844,
        137.00607299804688,
        197.01368713378906,
        257.0254821777344,
        319.00177001953125,
        381.0079650878906,
        443.0111999511719
    ],
    "right_down": [
        47.006893157958984,
        106.01707458496094,
        167.0002899169922,
        227.011474609375,
        287.0238952636719,
        349.0312194824219,
        411.0025329589844
    ],
    "left_up": [
        54.02177429199219,
        114.00743103027344,
        174.02752685546875,
        235.00885009765625,
        295.0262145996094,
        358.0019226074219,
        419.0180969238281
    ],
    "right_up": [
        26.021190643310547,
        84.0164794921875,
        144.0175323486328,
        204.0256805419922,
        265.0089416503906,
        326.0288391113281,
        388.02996826171875,
        450.0279541015625
    ]
}