{
    "left_down": [
        52.027061462402344,
        123.00318908691406,
        191.0145263671875,
        262.0032958984375,
        332.0082092285156,
        402.02105712890625,
        475.0274353027344
    ],
    "right_down": [
        16.0299072265625,
        85.01556396484375,
        154.00814819335938,
        224.02798461914062,
        293.0243225097656,
        364.0212097167969,
        434.0335388183594,
        510.0014953613281
    ],
    "left_up": [
        26.002456665039062,
        94.03143310546875,
        163.00848388671875,
        234.01571655273438,
        303.0211486816406,
        374.01287841796875,
        445.02587890625
    ],
    "right_up": [
        61.00761032104492,
        131.00363159179688,
        199.02877807617188,
        269.03118896484375,
        340.0106201171875,
        410.02276611328125,
        484.0246276855469
    ]
}