{
    "left_down": [
        54.02538299560547,
        136.02268981933594,
        224.0217742919922,
        306.0038146972656,
        392.0228576660156,
        476.0318908691406,
        561.0097045898438,
        643.0324096679688
    ],
    "right_down": [
        16.007781982421875,
        95.00407409667969,
        175.02809143066406,
        263.00146484375,
        346.01007080078125,
        430.0056457519531,
        517.0050659179688,
        597.0275268554688
    ],
    "left_up": [
        28.00316047668457,
        106.0224609375,
        190.02914428710938,
        274.0082702636719,
        359.0269470214844,
        443.0182800292969,
        529.017822265625,
        610.0201416015625
    ],
    "right_up": [
        0.013266625814139843,
        66.008056640625,
        147.00750732421875,
        235.02772521972656,
        317.0116271972656,
        402.02880859375,
        487.017578125,
        571.0044555664062,
        654.033447265625
    ]
}