{
    "left_down": [
        57.01202392578125,
        126.01153564453125,
        196.00357055664062,
        265.0279541015625,
        334.0205383300781,
        405.0152282714844
    ],
    "right_down": [
        18.01396369934082,
        89.02891540527344,
        159.0110626220703,
        229.0042724609375,
        298.0082702636719,
        367.01092529296875,
        440.0099182128906
    ],
    "left_up": [
        28.01573944091797,
        98.0301284790039,
        168.01412963867188,
        238.00733947753906,
        307.0068054199219,
        376.0299377441406,
        451.0135803222656
    ],
    "right_up": [
        65.02081298828125,
        134.01951599121094,
        204.0152130126953,
        274.0023193359375,
        342.0288391113281,
        414.0096435546875
    ]
}