{
    "left_down": [
        20.009042739868164,
        91.01671600341797,
        162.0234375,
        231.0038299560547,
        300.0316467285156,
        371.0053405761719,
        440.0166015625
    ],
    "right_down": [
        55.03334045410156,
        127.02192687988281,
        196.02732849121094,
        265.0127258300781,
        335.0256652832031,
        405.0022888183594,
        476.0057067871094
    ],
    "left_up": [
        65.02078247070312,
        137.00613403320312,
        205.02903747558594,
        274.02484130859375,
        345.0097961425781,
        414.0127258300781,
        487.0065612792969
    ],
    "right_up": [
        30.012619018554688,
        101.002197265625,
        171.01779174804688,
        239.02517700195312,
        310.00018310546875,
        379.0326232910156,
        449.0251770019531
    ]
}