{
    "left_down": [
        8.005267143249512,
        83.03267669677734,
        152.0014190673828,
        218.0228271484375,
        285.0035400390625,
        356.021484375,
        428.0020446777344,
        501.023193359375
    ],
    "right_down": [
        47.02024841308594,
        119.00544738769531,
        186.01063537597656,
        252.0054473876953,
        321.0317077636719,
        393.0091552734375,
        464.0023498535156
    ],
    "left_up": [
        58.00517272949219,
        127.03106689453125,
        194.03221130371094,
        260.0217590332031,
        331.0057067871094,
        402.0216369628906,
        473.0287170410156
    ],
    "right_up": [
        20.013065338134766,
        94.00303649902344,
        161.01063537597656,
        227.01760864257812,
        294.0200500488281,
        366.01727294921875,
        437.0236511230469,
        512.0092163085938
    ]
}