{
    "left_down": [
        21.023393630981445,
        91.01009368896484,
        161.02784729003906,
        234.0242156982422,
        308.031982421875
    ],
    "right_down": [
        55.02448654174805,
        125.01998901367188,
        197.00210571289062,
        270.0142517089844,
        345.0077819824219
    ],
    "left_up": [
        65.01231384277344,
        135.00352478027344,
        206.03126525878906,
        280.0296630859375,
        357.0120544433594
    ],
    "right_up": [
        30.022293090820312,
        99.02835083007812,
        170.01937866210938,
        243.02732849121094,
        318.0052490234375
    ]
}