{
    "left_down": [
        53.00899124145508,
        127.02716064453125,
        200.0284423828125,
        271.0162353515625,
        341.0195007324219,
        414.0240478515625
    ],
    "right_down": [
        15.01099681854248,
        92.00187683105469,
        166.0067138671875,
        236.01429748535156,
        307.0215759277344,
        377.024169921875,
        453.02618408203125
    ],
    "left_up": [
        26.000587463378906,
        101.01251983642578,
        175.02015686035156,
        245.0245819091797,
        316.0216979980469,
        387.0205993652344,
        465.0151672363281
    ],
    "right_up": [
        63.02950668334961,
        138.0106658935547,
        210.01304626464844,
        281.0099182128906,
        351.01055908203125,
        425.00775146484375
    ]
}