{
    "left_down": [
        67.0081787109375,
        143.01597595214844,
        219.03001403808594,
        301.0132751464844,
        386.010498046875,
        469.0143127441406
    ],
    "right_down": [
        27.008602142333984,
        104.01069641113281,
        180.004638671875,
        258.0230407714844,
        344.0168762207031,
        427.0284118652344,
        513.0162963867188
    ],
    "left_up": [
        38.01122283935547,
        114.02251434326172,
        191.0115203857422,
        270.0283508300781,
        356.0152587890625,
        439.0036315917969,
        528.0117797851562
    ],
    "right_up": [
        3.0215394496917725,
        77.00965881347656,
        153.02308654785156,
        230.00587463378906,
        312.0149230957031,
        396.0303955078125,
        481.0030212402344
    ]
}