{
    "left_down": [
        10.022269248962402,
        71.01911926269531,
        130.02452087402344,
        189.00962829589844,
        250.00210571289062,
        311.0141906738281,
        373.0295104980469,
        439.0237121582031
    ],
    "right_down": [
        38.026302337646484,
        99.02307891845703,
        158.01206970214844,
        217.0298614501953,
        278.0271301269531,
        340.0231018066406,
        404.01165771484375
    ],
    "left_up": [
        46.03034973144531,
        107.00389862060547,
        165.01934814453125,
        225.0213623046875,
        286.0225524902344,
        348.027587890625,
        413.0003356933594
    ],
    "right_up": [
        18.000961303710938,
        78.01616668701172,
        137.0154571533203,
        196.0103759765625,
        257.0138244628906,
        319.0021057128906,
        381.02398681640625
    ]
}