{
    "left_down": [
        46.01321792602539,
        111.01606750488281,
        172.02658081054688,
        234.0149383544922,
        296.0036926269531,
        357.02374267578125,
        420.0291748046875,
        487.0156555175781,
        564.010986328125
    ],
    "right_down": [
        12.019634246826172,
        79.01190948486328,
        141.0076904296875,
        202.0332794189453,
        264.0190124511719,
        326.0073547363281,
        388.0207214355469,
        452.0025939941406,
        525.0064697265625
    ],
    "left_up": [
        21.021055221557617,
        88.00425720214844,
        149.01617431640625,
        211.00506591796875,
        272.0300598144531,
        334.01531982421875,
        397.00445556640625,
        460.0265197753906,
        535.0311279296875
    ],
    "right_up": [
        54.03076171875,
        119.009033203125,
        180.01268005371094,
        242.00091552734375,
        303.0216369628906,
        365.0146484375,
        428.0264587402344,
        497.0120849609375,
        574.0293579101562
    ]
}