{
    "left_down": [
        23.015140533447266,
        93.0289077758789,
        161.02188110351562,
        229.0223388671875,
        298.02447509765625
    ],
    "right_down": [
        56.0302734375,
        125.01514434814453,
        193.0170135498047,
        261.0137939453125,
        331.02655029296875
    ],
    "left_up": [
        66.01416778564453,
        134.02212524414062,
        202.02601623535156,
        270.02178955078125,
        342.000732421875
    ],
    "right_up": [
        32.03053665161133,
        102.02149963378906,
        170.00753784179688,
        238.0061798095703,
        307.0220947265625
    ]
}