{
    "left_down": [
        59.00017547607422,
        131.0089111328125,
        201.02926635742188,
        273.00579833984375,
        347.0120849609375
    ],
    "right_down": [
        14.026899337768555,
        93.03253936767578,
        164.00791931152344,
        234.00379943847656,
        307.0208435058594
    ],
    "left_up": [
        26.01743507385254,
        103.01655578613281,
        173.0290985107422,
        243.0314483642578,
        318.01129150390625
    ],
    "right_up": [
        68.0225830078125,
        139.0255889892578,
        210.00906372070312,
        282.009521484375,
        356.031494140625
    ]
}