{
    "left_down": [
        46.00120162963867,
        117.00586700439453,
        188.02467346191406,
        265.0151062011719,
        338.0218200683594
    ],
    "right_down": [
        9.02315902709961,
        81.01860809326172,
        152.0235595703125,
        225.03286743164062,
        301.025634765625,
        374.0249328613281
    ],
    "left_up": [
        19.007387161254883,
        90.03041076660156,
        162.01290893554688,
        237.00396728515625,
        311.0279846191406,
        386.0036315917969
    ],
    "right_up": [
        0.001566290738992393,
        54.028961181640625,
        126.01400756835938,
        198.00338745117188,
        274.0322570800781,
        348.0023193359375
    ]
}