{
    "left_down": [
        9.020928382873535,
        77.00869750976562,
        141.0124969482422,
        207.0277862548828,
        275.0306091308594,
        345.02044677734375
    ],
    "right_down": [
        42.01810073852539,
        109.00202178955078,
        174.01075744628906,
        241.0199432373047,
        309.01983642578125
    ],
    "left_up": [
        52.00841522216797,
        117.01322174072266,
        183.00282287597656,
        250.0220184326172,
        319.00616455078125
    ],
    "right_up": [
        19.012474060058594,
        85.02684783935547,
        149.0216827392578,
        216.01821899414062,
        284.0213317871094,
        355.0133056640625
    ]
}