{
    "left_down": [
        43.024173736572266,
        104.00563049316406,
        162.0178985595703,
        221.01748657226562,
        282.0152282714844,
        343.0266418457031,
        407.0190734863281,
        470.02935791015625
    ],
    "right_down": [
        11.018026351928711,
        73.00662231445312,
        132.00172424316406,
        190.0314178466797,
        250.01084899902344,
        311.00384521484375,
        373.0111389160156,
        437.0108337402344
    ],
    "left_up": [
        19.013273239135742,
        80.0224609375,
        139.00384521484375,
        198.00245666503906,
        258.00238037109375,
        319.00018310546875,
        381.0299377441406,
        446.0003967285156
    ],
    "right_up": [
        51.006710052490234,
        111.00430297851562,
        169.01937866210938,
        228.02212524414062,
        289.02679443359375,
        351.0152893066406,
        415.0169677734375,
        478.0198059082031
    ]
}