{
    "left_down": [
        11.021554946899414,
        81.02641296386719,
        152.0086212158203,
        224.02017211914062,
        297.01953125
    ],
    "right_down": [
        45.01858139038086,
        117.00739288330078,
        187.01437377929688,
        260.02728271484375
    ],
    "left_up": [
        55.01872253417969,
        126.02802276611328,
        197.01907348632812,
        270.03076171875
    ],
    "right_up": [
        21.023679733276367,
        91.00482177734375,
        161.01539611816406,
        234.0070343017578,
        307.018798828125
    ]
}