{
    "left_down": [
        19.0068302154541,
        88.00712585449219,
        158.02969360351562,
        228.0067901611328,
        300.0242004394531,
        371.0240173339844,
        442.028076171875
    ],
    "right_down": [
        51.030967712402344,
        122.03295135498047,
        193.00973510742188,
        263.02984619140625,
        336.0086669921875,
        406.0046691894531
    ],
    "left_up": [
        61.02309036254883,
        132.0144805908203,
        202.01144409179688,
        273.0269775390625,
        345.0246276855469,
        416.0010070800781
    ],
    "right_up": [
        28.006540298461914,
        97.00474548339844,
        167.02798461914062,
        237.00599670410156,
        310.0015869140625,
        380.0210876464844,
        452.0090026855469
    ]
}