{
    "left_down": [
        62.00453186035156,
        135.02720642089844,
        208.0216522216797,
        283.02923583984375,
        360.01806640625
    ],
    "right_down": [
        23.01617431640625,
        97.0172119140625,
        170.02711486816406,
        243.0306396484375,
        320.0306701660156,
        398.0003967285156
    ],
    "left_up": [
        34.00204849243164,
        107.03089141845703,
        181.00363159179688,
        254.01596069335938,
        331.0247497558594,
        411.001953125
    ],
    "right_up": [
        1.029308557510376,
        70.03107452392578,
        144.02239990234375,
        217.01612854003906,
        293.0142822265625,
        370.00439453125
    ]
}