{
    "left_down": [
        16.000516891479492,
        90.0305404663086,
        165.005859375,
        242.02272033691406,
        315.02276611328125,
        391.0270690917969
    ],
    "right_down": [
        53.032737731933594,
        127.02583312988281,
        203.01901245117188,
        277.0282897949219,
        353.0104064941406,
        429.0098876953125
    ],
    "left_up": [
        64.01067352294922,
        137.0278778076172,
        215.00466918945312,
        288.0005187988281,
        363.0310974121094,
        441.03216552734375
    ],
    "right_up": [
        26.027381896972656,
        100.02025604248047,
        174.0305938720703,
        251.02597045898438,
        325.0106506347656,
        401.027099609375
    ]
}