{
    "left_down": [
        22.014184951782227,
        100.00088500976562,
        183.0130615234375,
        272.01336669921875,
        358.01690673828125,
        444.02581787109375,
        528.0237426757812,
        609.0303344726562
    ],
    "right_down": [
        60.000370025634766,
        138.01309204101562,
        227.01898193359375,
        314.0082702636719,
        398.0117492675781,
        487.0193176269531,
        568.0007934570312
    ],
    "left_up": [
        70.02315521240234,
        150.01695251464844,
        239.01901245117188,
        326.02410888671875,
        411.0091552734375,
        499.0036315917969,
        579.0219116210938
    ],
    "right_up": [
        33.012489318847656,
        110.01731872558594,
        195.01055908203125,
        285.0056457519531,
        369.0229797363281,
        456.0262451171875,
        538.028076171875,
        621.033935546875
    ]
}