{
    "left_down": [
        18.032508850097656,
        92.01483917236328,
        171.02426147460938,
        253.00445556640625,
        334.002685546875,
        416.0077209472656
    ],
    "right_down": [
        52.03361129760742,
        127.02129364013672,
        208.02569580078125,
        289.0115051269531,
        372.01617431640625,
        454.01617431640625
    ],
    "left_up": [
        63.01983642578125,
        140.00079345703125,
        221.00375366210938,
        301.0191955566406,
        384.0155334472656,
        467.01910400390625
    ],
    "right_up": [
        27.028282165527344,
        101.00659942626953,
        180.02845764160156,
        262.0082702636719,
        344.01556396484375,
        427.00701904296875
    ]
}