{
    "left_down": [
        72.03046417236328,
        145.01339721679688,
        216.02886962890625,
        285.02825927734375,
        355.0071105957031,
        426.0271911621094
    ],
    "right_down": [
        29.022136688232422,
        106.00558471679688,
        180.00247192382812,
        249.0121307373047,
        318.00567626953125,
        388.0039367675781,
        461.0011901855469
    ],
    "left_up": [
        41.03078079223633,
        116.00534057617188,
        189.0106964111328,
        258.01177978515625,
        327.00860595703125,
        397.0235900878906,
        471.0237731933594
    ],
    "right_up": [
        6.014815330505371,
        81.00617218017578,
        154.00193786621094,
        225.00778198242188,
        294.0020751953125,
        363.0181579589844,
        435.0262756347656
    ]
}