{
    "left_down": [
        20.022056579589844,
        95.02377319335938,
        172.00437927246094,
        246.01617431640625,
        324.0166015625,
        403.0079650878906
    ],
    "right_down": [
        54.027679443359375,
        130.01687622070312,
        205.01934814453125,
        281.01055908203125,
        360.0215148925781,
        438.0102233886719
    ],
    "left_up": [
        65.02703094482422,
        141.0189971923828,
        216.0076141357422,
        292.0235595703125,
        372.0008850097656,
        451.011962890625
    ],
    "right_up": [
        30.021133422851562,
        105.0289306640625,
        181.0283203125,
        256.0056457519531,
        334.0246887207031,
        413.0201721191406
    ]
}