{
    "left_down": [
        29.007320404052734,
        109.02265167236328,
        193.02391052246094,
        272.0316162109375,
        356.0028381347656,
        437.0011901855469,
        518.0090942382812,
        599.0082397460938
    ],
    "right_down": [
        68.00764465332031,
        150.01744079589844,
        233.0280303955078,
        314.0107727050781,
        396.0252990722656,
        478.00299072265625,
        558.008056640625
    ],
    "left_up": [
        79.02068328857422,
        162.01171875,
        244.00892639160156,
        325.0319519042969,
        407.0218505859375,
        489.0068054199219,
        569.016845703125
    ],
    "right_up": [
        40.03223419189453,
        120.01886749267578,
        204.01573181152344,
        283.01654052734375,
        366.0246887207031,
        447.0191650390625,
        528.0223999023438,
        610.030517578125
    ]
}