{
    "left_down": [
        21.015783309936523,
        113.00586700439453,
        192.0032958984375,
        271.0104064941406,
        350.0233154296875,
        422.0064697265625,
        501.0307312011719
    ],
    "right_down": [
        58.01215362548828,
        149.03488159179688,
        228.029296875,
        307.0219421386719,
        383.0169982910156,
        457.0247802734375,
        540.0028076171875
    ],
    "left_up": [
        77.01997375488281,
        160.03103637695312,
        239.0265655517578,
        319.0215759277344,
        393.0065612792969,
        469.0228576660156,
        558.028076171875
    ],
    "right_up": [
        32.026241302490234,
        122.01898193359375,
        201.0126190185547,
        280.0325012207031,
        358.0279846191406,
        431.0063781738281,
        512.014892578125
    ]
}