{
    "left_down": [
        52.02589416503906,
        124.00176239013672,
        194.031494140625,
        269.0177917480469
    ],
    "right_down": [
        16.016950607299805,
        88.01022338867188,
        158.01609802246094,
        230.00738525390625,
        306.0142822265625
    ],
    "left_up": [
        26.017295837402344,
        97.02672576904297,
        168.00584411621094,
        240.03086853027344,
        319.00518798828125
    ],
    "right_up": [
        61.02674865722656,
        132.02862548828125,
        203.0276641845703,
        278.0246276855469
    ]
}