{
    "left_down": [
        18.027729034423828,
        90.00782012939453,
        153.00057983398438,
        213.00430297851562,
        272.02825927734375,
        332.0058898925781,
        395.01947021484375,
        458.00714111328125,
        521.0101928710938
    ],
    "right_down": [
        51.00707244873047,
        119.0129165649414,
        180.0221405029297,
        241.0272216796875,
        300.0140686035156,
        361.02178955078125,
        424.0205993652344,
        487.01507568359375,
        551.0087280273438
    ],
    "left_up": [
        62.01084899902344,
        128.00196838378906,
        188.0153350830078,
        249.0096435546875,
        307.0294189453125,
        370.003173828125,
        432.03289794921875,
        496.00042724609375,
        559.02734375
    ],
    "right_up": [
        28.008289337158203,
        98.0064926147461,
        159.03184509277344,
        220.0120849609375,
        279.0245056152344,
        339.0202331542969,
        403.0076904296875,
        465.0236511230469,
        528.031005859375
    ]
}