{
    "left_down": [
        60.020694732666016,
        132.00933837890625,
        199.00767517089844,
        268.0052490234375,
        337.01800537109375,
        407.00555419921875
    ],
    "right_down": [
        21.02848243713379,
        93.017333984375,
        164.0177459716797,
        231.0259246826172,
        300.02044677734375,
        371.00018310546875,
        441.0156555175781
    ],
    "left_up": [
        32.00149154663086,
        103.0204086303711,
        173.010986328125,
        241.00148010253906,
        310.0030517578125,
        380.0087585449219,
        453.01715087890625
    ],
    "right_up": [
        1.0037403106689453,
        69.00418090820312,
        141.00628662109375,
        207.0266876220703,
        276.02996826171875,
        346.0259704589844,
        416.02288818359375
    ]
}