{
    "left_down": [
        22.02542495727539,
        94.0049819946289,
        166.02056884765625,
        239.0055694580078,
        310.02947998046875,
        382.0017395019531
    ],
    "right_down": [
        58.00358200073242,
        129.01922607421875,
        202.026123046875,
        274.0254821777344,
        346.003662109375,
        418.0044250488281
    ],
    "left_up": [
        67.02217102050781,
        139.0128936767578,
        212.01878356933594,
        284.0155029296875,
        355.02166748046875,
        428.03009033203125
    ],
    "right_up": [
        32.02850341796875,
        103.0238037109375,
        176.00421142578125,
        248.0138702392578,
        320.0013427734375,
        391.0079345703125
    ]
}