{
    "left_down": [
        11.011934280395508,
        78.02699279785156,
        145.02296447753906,
        212.01316833496094,
        279.02783203125,
        349.00860595703125
    ],
    "right_down": [
        43.02103805541992,
        111.00988006591797,
        178.0099639892578,
        245.0220947265625,
        313.0087890625
    ],
    "left_up": [
        53.01903533935547,
        120.0170669555664,
        187.0116424560547,
        254.02455139160156,
        322.02545166015625
    ],
    "right_up": [
        20.023578643798828,
        87.00874328613281,
        154.00177001953125,
        220.027099609375,
        288.01361083984375,
        358.0329895019531
    ]
}