{
    "left_down": [
        16.010334014892578,
        88.00611877441406,
        158.0314178466797,
        227.02052307128906,
        297.0105285644531,
        369.0244140625,
        444.00787353515625
    ],
    "right_down": [
        50.000633239746094,
        121.01271057128906,
        191.0020294189453,
        260.0098571777344,
        331.0147399902344,
        404.0093078613281
    ],
    "left_up": [
        60.00408935546875,
        131.00057983398438,
        200.0059814453125,
        269.01373291015625,
        341.0069885253906,
        414.023681640625
    ],
    "right_up": [
        25.00822639465332,
        96.0274658203125,
        167.00592041015625,
        235.0266876220703,
        305.0299377441406,
        378.0190124511719,
        453.0215759277344
    ]
}