{
    "left_down": [
        26.015644073486328,
        107.0168228149414,
        188.0076141357422,
        271.0290832519531,
        355.0173034667969,
        438.021484375,
        518.027587890625
    ],
    "right_down": [
        65.01195526123047,
        143.02029418945312,
        227.0283966064453,
        311.0080261230469,
        393.0298156738281,
        475.0042724609375
    ],
    "left_up": [
        76.03194427490234,
        155.0106964111328,
        239.01040649414062,
        324.00164794921875,
        406.0299072265625,
        487.0152893066406
    ],
    "right_up": [
        37.01453399658203,
        116.03388977050781,
        199.02008056640625,
        282.0307922363281,
        365.008056640625,
        448.0104064941406,
        528.0289916992188
    ]
}