{
    "left_down": [
        40.0284538269043,
        110.0143051147461,
        180.01535034179688,
        249.00485229492188,
        319.01953125,
        389.0044860839844
    ],
    "right_down": [
        8.001498222351074,
        76.0226058959961,
        146.0179901123047,
        215.0045166015625,
        285.02252197265625,
        354.0102844238281,
        426.0214538574219
    ],
    "left_up": [
        14.010234832763672,
        85.01722717285156,
        155.0237579345703,
        224.00534057617188,
        294.03167724609375,
        363.021240234375,
        436.01837158203125
    ],
    "right_up": [
        0.06153974309563637,
        50.02193069458008,
        119.0313720703125,
        189.02684020996094,
        258.021484375,
        328.02862548828125,
        398.0270080566406
    ]
}