{
    "left_down": [
        42.00419616699219,
        111.02501678466797,
        178.0191650390625,
        242.0105743408203,
        310.0267333984375,
        378.0323181152344,
        452.0055236816406
    ],
    "right_down": [
        7.039553165435791,
        77.00690460205078,
        146.0233154296875,
        211.0133514404297,
        276.03155517578125,
        345.0162658691406,
        415.00054931640625
    ],
    "left_up": [
        14.017406463623047,
        86.00672912597656,
        155.0111083984375,
        219.017822265625,
        285.02947998046875,
        354.0083312988281,
        424.0313720703125
    ],
    "right_up": [
        0.055877964943647385,
        52.004554748535156,
        121.01522064208984,
        187.01087951660156,
        251.0047149658203,
        320.0119934082031,
        388.0108337402344,
        462.0079650878906
    ]
}