{
    "left_down": [
        17.027647018432617,
        78.00157928466797,
        138.0255126953125,
        199.02935791015625,
        261.01141357421875,
        323.01092529296875,
        383.02496337890625
    ],
    "right_down": [
        47.00849151611328,
        107.03202056884766,
        168.0319061279297,
        229.01177978515625,
        291.0028381347656,
        352.0302429199219,
        413.013671875
    ],
    "left_up": [
        55.00761032104492,
        116.00067901611328,
        176.032470703125,
        237.02545166015625,
        299.0244140625,
        360.0242004394531,
        422.0229797363281
    ],
    "right_up": [
        25.026704788208008,
        85.01493072509766,
        146.0101776123047,
        207.00758361816406,
        268.0223388671875,
        330.0262756347656,
        390.0289001464844
    ]
}