{
    "left_down": [
        48.03092575073242,
        116.01530456542969,
        185.01268005371094,
        253.02671813964844,
        322.026123046875,
        394.00537109375
    ],
    "right_down": [
        11.02006721496582,
        80.03211212158203,
        148.026123046875,
        217.0323028564453,
        286.017822265625,
        356.00238037109375
    ],
    "left_up": [
        21.000009536743164,
        89.02169036865234,
        157.02706909179688,
        226.0269317626953,
        295.0161437988281,
        365.0281982421875
    ],
    "right_up": [
        57.00160217285156,
        124.01698303222656,
        193.0220184326172,
        262.0029296875,
        331.0074768066406,
        403.00042724609375
    ]
}