{
    "left_down": [
        5.020047187805176,
        81.02992248535156,
        164.0211181640625,
        238.00070190429688,
        308.012451171875,
        381.0193786621094,
        454.0238342285156,
        530.0010986328125,
        603.0228881835938
    ],
    "right_down": [
        39.00194549560547,
        122.0328598022461,
        199.00672912597656,
        270.0033264160156,
        342.0078430175781,
        414.0103759765625,
        489.0227966308594,
        564.0205688476562,
        637.0158081054688
    ],
    "left_up": [
        50.01285934448242,
        134.01101684570312,
        209.010009765625,
        279.02496337890625,
        352.0211486816406,
        424.0244140625,
        500.0045166015625,
        574.0267333984375,
        650.0056762695312
    ],
    "right_up": [
        17.01204490661621,
        94.02741241455078,
        173.02610778808594,
        246.0063934326172,
        316.0313720703125,
        389.02532958984375,
        463.0229797363281,
        539.0005493164062,
        612.013427734375
    ]
}