{
    "left_down": [
        22.011438369750977,
        92.0109634399414,
        162.01632690429688,
        232.00559997558594,
        306.0010986328125,
        377.0079040527344,
        452.00616455078125
    ],
    "right_down": [
        54.02256774902344,
        124.0217056274414,
        194.01565551757812,
        266.0046691894531,
        338.0135192871094,
        410.029541015625,
        485.0290222167969
    ],
    "left_up": [
        64.00608825683594,
        134.00411987304688,
        203.0282745361328,
        276.0204162597656,
        348.00897216796875,
        421.0134582519531,
        498.0054931640625
    ],
    "right_up": [
        30.030744552612305,
        100.018798828125,
        170.02438354492188,
        240.0235137939453,
        314.00555419921875,
        385.0224914550781,
        461.0021057128906
    ]
}