{
    "left_down": [
        17.005435943603516,
        77.01815032958984,
        137.02967834472656,
        199.03018188476562,
        262.01336669921875,
        325.025390625,
        389.0275573730469,
        454.0232238769531
    ],
    "right_down": [
        46.01136779785156,
        106.00454711914062,
        167.00779724121094,
        230.00115966796875,
        292.0101623535156,
        355.02410888671875,
        420.0058288574219
    ],
    "left_up": [
        53.030025482177734,
        113.02360534667969,
        175.00308227539062,
        237.02944946289062,
        300.0200500488281,
        364.0063171386719,
        429.0027770996094
    ],
    "right_up": [
        25.004728317260742,
        84.0229721069336,
        145.00772094726562,
        207.0264434814453,
        270.00836181640625,
        333.0219421386719,
        397.03216552734375,
        462.0231628417969
    ]
}