{
    "left_down": [
        59.0285530090332,
        126.0199203491211,
        196.0103759765625,
        264.0003356933594,
        333.0003356933594,
        403.00115966796875
    ],
    "right_down": [
        19.01227378845215,
        90.02100372314453,
        160.00320434570312,
        228.01217651367188,
        296.0203552246094,
        366.0031433105469,
        436.02520751953125
    ],
    "left_up": [
        30.021671295166016,
        99.02362823486328,
        169.0096893310547,
        237.01025390625,
        305.0316162109375,
        375.0234680175781,
        447.0162048339844
    ],
    "right_up": [
        0.005877599585801363,
        67.02786254882812,
        135.008056640625,
        204.03126525878906,
        272.02197265625,
        341.0299987792969,
        412.0184631347656
    ]
}