{
    "left_down": [
        26.020984649658203,
        98.00499725341797,
        169.00747680664062,
        238.02093505859375,
        306.02490234375,
        374.006591796875,
        443.01531982421875
    ],
    "right_down": [
        62.00328826904297,
        131.0275421142578,
        202.00901794433594,
        271.0067138671875,
        338.0175476074219,
        407.0061950683594
    ],
    "left_up": [
        71.0118408203125,
        141.0170440673828,
        211.0248260498047,
        280.01434326171875,
        347.0196838378906,
        416.0157775878906
    ],
    "right_up": [
        36.02061462402344,
        107.00350189208984,
        177.03286743164062,
        247.00543212890625,
        315.00390625,
        383.002197265625,
        452.0229187011719
    ]
}