{
    "left_down": [
        19.02422332763672,
        88.01251983642578,
        159.0061798095703,
        228.00254821777344
    ],
    "right_down": [
        53.002689361572266,
        122.03077697753906,
        192.0245819091797,
        263.0069580078125
    ],
    "left_up": [
        62.03007888793945,
        132.02450561523438,
        202.00045776367188,
        274.0079650878906
    ],
    "right_up": [
        28.020132064819336,
        97.0015640258789,
        167.026123046875,
        237.00120544433594
    ]
}