{
    "left_down": [
        10.009239196777344,
        86.01632690429688,
        162.0116424560547,
        240.0143280029297,
        314.0218200683594,
        390.013427734375
    ],
    "right_down": [
        47.03227996826172,
        123.02304077148438,
        200.03399658203125,
        277.0122375488281,
        352.0268859863281,
        429.0193786621094
    ],
    "left_up": [
        58.03059005737305,
        134.00601196289062,
        211.02987670898438,
        287.0106506347656,
        362.0310974121094,
        441.0016174316406
    ],
    "right_up": [
        21.019058227539062,
        96.01957702636719,
        172.02920532226562,
        250.0166778564453,
        324.0279846191406,
        401.00146484375
    ]
}