{
    "left_down": [
        24.01213836669922,
        103.0291976928711,
        173.02268981933594,
        241.0142059326172,
        309.0271911621094,
        379.0262145996094,
        450.01641845703125,
        528.0128173828125
    ],
    "right_down": [
        64.02745819091797,
        138.03062438964844,
        207.00973510742188,
        275.0003967285156,
        344.0104675292969,
        414.0170593261719,
        486.0238037109375
    ],
    "left_up": [
        76.00296020507812,
        148.0084228515625,
        216.00390625,
        284.0024108886719,
        353.0251159667969,
        423.0290222167969,
        497.01043701171875
    ],
    "right_up": [
        36.00376892089844,
        113.01402282714844,
        182.0093994140625,
        250.00111389160156,
        318.0209045410156,
        388.0252990722656,
        459.0285949707031,
        540.001708984375
    ]
}