{
    "left_down": [
        58.02177047729492,
        138.01478576660156,
        207.0216827392578,
        278.0223388671875,
        350.0211486816406,
        421.01409912109375,
        491.02044677734375
    ],
    "right_down": [
        17.01769256591797,
        100.01377868652344,
        173.00381469726562,
        241.033447265625,
        314.01470947265625,
        385.0245666503906,
        455.01947021484375
    ],
    "left_up": [
        29.004575729370117,
        111.0086441040039,
        182.00860595703125,
        251.0204620361328,
        324.00421142578125,
        395.00689697265625,
        465.01025390625
    ],
    "right_up": [
        69.02555084228516,
        147.0199432373047,
        216.01678466796875,
        288.0004577636719,
        360.0001525878906,
        430.0162658691406,
        500.02935791015625
    ]
}