{
    "left_down": [
        21.019180297851562,
        97.0306625366211,
        172.0196990966797,
        246.0221405029297,
        320.0217590332031,
        399.0097961425781
    ],
    "right_down": [
        58.012245178222656,
        132.02932739257812,
        206.0162353515625,
        279.0193786621094,
        355.0323791503906
    ],
    "left_up": [
        68.0188217163086,
        143.00103759765625,
        216.0290069580078,
        290.00372314453125,
        367.01104736328125
    ],
    "right_up": [
        30.036157608032227,
        106.02286529541016,
        181.0030975341797,
        254.02584838867188,
        329.01055908203125,
        408.0287780761719
    ]
}