{
    "left_down": [
        60.02128601074219,
        135.01873779296875,
        208.0005340576172
    ],
    "right_down": [
        15.029349327087402,
        95.0048828125,
        168.0210723876953,
        242.02687072753906
    ],
    "left_up": [
        28.011152267456055,
        105.03185272216797,
        178.0232391357422,
        254.00726318359375
    ],
    "right_up": [
        70.0158920288086,
        144.02593994140625,
        217.02279663085938
    ]
}