{
    "left_down": [
        16.00568389892578,
        97.01602172851562,
        174.0272674560547,
        251.02366638183594,
        330.0001220703125,
        403.01507568359375,
        482.0062561035156
    ],
    "right_down": [
        57.011531829833984,
        135.02792358398438,
        213.0081787109375,
        290.02886962890625,
        365.02801513671875,
        441.00799560546875
    ],
    "left_up": [
        68.02849578857422,
        146.00918579101562,
        223.01925659179688,
        301.0307312011719,
        375.0289306640625,
        452.0074157714844
    ],
    "right_up": [
        28.017614364624023,
        108.00572967529297,
        185.01943969726562,
        262.02044677734375,
        339.026123046875,
        413.0235290527344,
        494.0198059082031
    ]
}