{
    "left_down": [
        32.047122955322266,
        104.0124740600586,
        177.01307678222656,
        250.0063934326172,
        322.0203857421875,
        400.0104675292969
    ],
    "right_down": [
        66.01019287109375,
        137.02403259277344,
        210.02304077148438,
        283.0057678222656,
        356.0073547363281
    ],
    "left_up": [
        75.02558135986328,
        147.02227783203125,
        220.02381896972656,
        293.0086975097656,
        368.0030822753906
    ],
    "right_up": [
        41.00376892089844,
        112.0179214477539,
        185.0224151611328,
        258.0094299316406,
        330.0318603515625,
        410.0060119628906
    ]
}