{
    "left_down": [
        36.03995132446289,
        103.00566101074219,
        168.0103759765625,
        237.01177978515625,
        302.017822265625,
        368.021240234375,
        440.0265197753906
    ],
    "right_down": [
        67.0331802368164,
        134.0200653076172,
        200.0258026123047,
        268.00787353515625,
        334.0191650390625,
        401.02069091796875
    ],
    "left_up": [
        76.01525115966797,
        142.0238494873047,
        210.00054931640625,
        276.02435302734375,
        342.0271301269531,
        411.0265808105469
    ],
    "right_up": [
        43.00762939453125,
        110.02851104736328,
        176.00277709960938,
        245.00682067871094,
        310.0119934082031,
        376.0265197753906,
        450.0208740234375
    ]
}