{
    "left_down": [
        40.027286529541016,
        101.00797271728516,
        160.02755737304688,
        222.00328063964844,
        284.0308837890625,
        347.00555419921875,
        410.02288818359375,
        476.00982666015625
    ],
    "right_down": [
        8.026884078979492,
        70.01654815673828,
        130.0138397216797,
        191.00941467285156,
        252.0145721435547,
        315.0079650878906,
        377.0269775390625,
        441.0119323730469
    ],
    "left_up": [
        17.000484466552734,
        78.00994110107422,
        138.0037384033203,
        199.0053253173828,
        261.0025329589844,
        323.0213317871094,
        386.01654052734375,
        450.0165100097656
    ],
    "right_up": [
        48.00669860839844,
        108.02063751220703,
        168.010009765625,
        229.0252227783203,
        292.0253601074219,
        354.02471923828125,
        418.016357421875,
        484.02984619140625
    ]
}