{
    "left_down": [
        57.02370071411133,
        123.02728271484375,
        195.00340270996094,
        264.0276184082031,
        333.0001525878906,
        404.02056884765625,
        480.0027770996094
    ],
    "right_down": [
        17.025049209594727,
        87.03015899658203,
        156.00062561035156,
        227.02145385742188,
        295.001708984375,
        365.02728271484375,
        437.0307312011719
    ],
    "left_up": [
        28.016080856323242,
        96.02373504638672,
        165.03163146972656,
        237.00648498535156,
        304.01141357421875,
        375.0234375,
        449.01739501953125
    ],
    "right_up": [
        65.00935363769531,
        131.0235595703125,
        203.00718688964844,
        272.010498046875,
        341.0102844238281,
        412.0310363769531,
        488.0206604003906
    ]
}