{
    "left_down": [
        59.01891326904297,
        133.00994873046875,
        207.01795959472656,
        285.0058898925781,
        364.01318359375
    ],
    "right_down": [
        18.024539947509766,
        91.03125,
        167.0101318359375,
        242.01327514648438,
        322.00054931640625,
        399.0090637207031
    ],
    "left_up": [
        29.023754119873047,
        102.01990509033203,
        177.0231170654297,
        253.02450561523438,
        333.0225524902344,
        412.01123046875
    ],
    "right_up": [
        0.014253295958042145,
        68.00690460205078,
        142.02955627441406,
        217.0084991455078,
        295.0206604003906,
        374.0149230957031
    ]
}