{
    "left_down": [
        45.00284957885742,
        114.0289077758789,
        186.0007781982422,
        259.0084533691406,
        332.0061950683594
    ],
    "right_down": [
        9.01198959350586,
        79.00193786621094,
        149.02162170410156,
        220.02667236328125,
        294.0322570800781
    ],
    "left_up": [
        18.02166748046875,
        88.0222396850586,
        159.02268981933594,
        231.00555419921875,
        305.0000915527344
    ],
    "right_up": [
        0.0038222542498260736,
        53.02101516723633,
        123.02941131591797,
        194.02664184570312,
        268.0234375,
        341.0158996582031
    ]
}