{
    "left_down": [
        45.01675033569336,
        116.01548767089844,
        189.02622985839844,
        261.00982666015625,
        337.00640869140625
    ],
    "right_down": [
        11.003478050231934,
        78.01876831054688,
        151.0103302001953,
        223.0026092529297,
        295.0242614746094,
        372.01593017578125
    ],
    "left_up": [
        19.016870498657227,
        87.0251235961914,
        161.0138397216797,
        233.0017547607422,
        306.0205078125,
        385.0008239746094
    ],
    "right_up": [
        53.026145935058594,
        125.02810668945312,
        198.02313232421875,
        270.00567626953125,
        347.00714111328125
    ]
}