{
    "left_down": [
        21.016910552978516,
        95.01020812988281,
        168.00965881347656,
        239.02114868164062,
        313.0113220214844,
        384.0033264160156,
        461.0016174316406
    ],
    "right_down": [
        54.02888870239258,
        128.01864624023438,
        200.01824951171875,
        272.0325012207031,
        346.0055236816406,
        417.02423095703125,
        495.0318603515625
    ],
    "left_up": [
        65.02294158935547,
        138.02980041503906,
        210.0186767578125,
        283.01751708984375,
        355.02630615234375,
        429.0060729980469,
        508.0309143066406
    ],
    "right_up": [
        30.011545181274414,
        103.02571868896484,
        176.0148162841797,
        247.02882385253906,
        321.0229187011719,
        392.0139465332031,
        470.01239013671875
    ]
}