{
    "left_down": [
        64.02200317382812,
        145.00631713867188,
        223.02029418945312,
        303.0064697265625,
        384.03106689453125,
        465.0036315917969,
        543.0049438476562,
        633.033203125
    ],
    "right_down": [
        26.0076847076416,
        104.02017974853516,
        186.02674865722656,
        263.00531005859375,
        340.0286560058594,
        425.0295715332031,
        502.0318908691406,
        586.0078735351562
    ],
    "left_up": [
        36.01420974731445,
        114.0306167602539,
        196.02145385742188,
        274.017333984375,
        352.01806640625,
        436.00384521484375,
        512.0302124023438,
        599.0054321289062
    ],
    "right_up": [
        2.0279390811920166,
        75.02133178710938,
        156.02406311035156,
        234.0041961669922,
        312.0343017578125,
        396.00689697265625,
        475.02215576171875,
        555.0050659179688,
        652.0137939453125
    ]
}