{
    "left_down": [
        50.00273895263672,
        119.02997589111328,
        188.03155517578125,
        262.00341796875,
        334.00323486328125,
        406.028564453125,
        483.00030517578125
    ],
    "right_down": [
        10.023262977600098,
        86.0154800415039,
        154.00869750976562,
        225.0003204345703,
        298.0081787109375,
        369.02264404296875,
        443.0323486328125
    ],
    "left_up": [
        21.007991790771484,
        95.01500701904297,
        163.0111846923828,
        234.0303955078125,
        307.02667236328125,
        379.02130126953125,
        454.01580810546875
    ],
    "right_up": [
        0.0007422688067890704,
        60.002044677734375,
        128.02490234375,
        198.00851440429688,
        271.0191650390625,
        343.0121765136719,
        416.0150451660156,
        493.0068054199219
    ]
}