{
    "left_down": [
        12.032544136047363,
        78.0240707397461,
        144.00254821777344,
        210.01141357421875,
        275.0057678222656,
        345.027099609375
    ],
    "right_down": [
        44.00057601928711,
        109.01898956298828,
        175.0283660888672,
        241.02113342285156,
        307.0216979980469
    ],
    "left_up": [
        52.02978515625,
        118.00233459472656,
        184.01129150390625,
        249.02842712402344,
        317.02392578125
    ],
    "right_up": [
        20.03571891784668,
        86.00466918945312,
        151.0264129638672,
        218.00254821777344,
        282.025390625,
        354.02044677734375
    ]
}