{
    "left_down": [
        48.01365661621094,
        127.00602722167969,
        204.00146484375,
        281.0323486328125,
        357.03082275390625
    ],
    "right_down": [
        9.015186309814453,
        87.03067016601562,
        165.01309204101562,
        242.0321044921875,
        319.0157775878906,
        398.02972412109375
    ],
    "left_up": [
        19.02235221862793,
        98.02375793457031,
        175.03334045410156,
        253.02902221679688,
        329.03009033203125,
        411.0262756347656
    ],
    "right_up": [
        0.00963517464697361,
        59.00777053833008,
        137.02377319335938,
        214.0177764892578,
        292.0021057128906,
        368.02044677734375
    ]
}