{
    "left_down": [
        76.02164459228516,
        151.021240234375,
        227.01657104492188,
        303.0189208984375,
        375.01837158203125,
        448.00347900390625,
        524.0092163085938
    ],
    "right_down": [
        32.00910949707031,
        111.02828216552734,
        186.0135040283203,
        263.0152282714844,
        337.0034484863281,
        410.0219421386719,
        483.015380859375
    ],
    "left_up": [
        45.01479721069336,
        122.02690124511719,
        197.01177978515625,
        274.0147399902344,
        347.00701904296875,
        420.01434326171875,
        494.0165100097656
    ],
    "right_up": [
        10.002521514892578,
        86.00167846679688,
        160.02841186523438,
        237.0191650390625,
        312.0317687988281,
        385.0047607421875,
        457.0315856933594,
        535.0133666992188
    ]
}