{
    "left_down": [
        60.00324249267578,
        131.02935791015625,
        202.0126953125,
        274.0137939453125,
        351.0144348144531,
        426.00592041015625,
        500.02520751953125
    ],
    "right_down": [
        19.02021026611328,
        96.00811004638672,
        165.0272979736328,
        238.00286865234375,
        312.0111083984375,
        387.0256652832031,
        462.004638671875
    ],
    "left_up": [
        31.008098602294922,
        105.03125,
        175.0114288330078,
        247.0223846435547,
        323.00445556640625,
        398.00543212890625,
        472.02679443359375
    ],
    "right_up": [
        0.01145432610064745,
        69.01731872558594,
        140.02560424804688,
        211.02239990234375,
        284.0038146972656,
        361.00537109375,
        435.02874755859375,
        511.0025939941406
    ]
}