{
    "left_down": [
        50.00788879394531,
        117.00831604003906,
        186.029541015625,
        254.01625061035156,
        327.0093994140625
    ],
    "right_down": [
        14.015464782714844,
        82.00550842285156,
        148.0184326171875,
        218.00274658203125,
        287.0024719238281
    ],
    "left_up": [
        23.012550354003906,
        91.00053405761719,
        158.02239990234375,
        227.0087432861328,
        297.0203552246094
    ],
    "right_up": [
        58.007972717285156,
        125.00322723388672,
        195.0019989013672,
        262.02459716796875,
        336.0295715332031
    ]
}