{
    "left_down": [
        52.01883316040039,
        117.0214614868164,
        186.0160675048828,
        253.0189971923828,
        321.0002136230469,
        391.022705078125
    ],
    "right_down": [
        18.00040054321289,
        83.01726531982422,
        149.0223846435547,
        218.03306579589844,
        285.0172119140625,
        353.0213928222656
    ],
    "left_up": [
        26.022783279418945,
        91.02837371826172,
        158.03094482421875,
        227.0220489501953,
        294.01531982421875,
        363.02679443359375
    ],
    "right_up": [
        60.0003662109375,
        125.00980377197266,
        194.0220489501953,
        261.0127258300781,
        328.0321960449219,
        400.0131530761719
    ]
}