{
    "left_down": [
        58.00046920776367,
        127.00875854492188,
        201.02149963378906,
        272.013671875,
        346.02105712890625,
        424.0237731933594
    ],
    "right_down": [
        18.027427673339844,
        89.02367401123047,
        162.003173828125,
        234.0214080810547,
        306.0228576660156,
        380.0174255371094
    ],
    "left_up": [
        29.00065803527832,
        99.00235748291016,
        172.0152130126953,
        244.0061492919922,
        317.0075988769531,
        392.00592041015625
    ],
    "right_up": [
        0.012769968248903751,
        66.01742553710938,
        136.0184326171875,
        210.0286865234375,
        281.0267639160156,
        356.00299072265625,
        435.0258483886719
    ]
}