{
    "left_down": [
        20.018375396728516,
        95.00225830078125,
        167.00039672851562,
        239.0186309814453,
        308.0242004394531,
        386.0048828125
    ],
    "right_down": [
        56.00273895263672,
        128.0011444091797,
        200.01010131835938,
        270.026123046875,
        342.030029296875
    ],
    "left_up": [
        66.00658416748047,
        137.02734375,
        210.010498046875,
        280.0010681152344,
        354.0169372558594
    ],
    "right_up": [
        29.026296615600586,
        103.01168060302734,
        175.0093994140625,
        247.00341796875,
        317.0091857910156,
        395.02734375
    ]
}