{
    "left_down": [
        57.011741638183594,
        136.03082275390625,
        214.01962280273438,
        292.0155334472656,
        366.02117919921875,
        441.0052185058594
    ],
    "right_down": [
        14.028542518615723,
        96.02360534667969,
        174.03463745117188,
        252.00352478027344,
        329.02294921875,
        402.0259704589844,
        484.0146179199219
    ],
    "left_up": [
        27.01666259765625,
        107.03270721435547,
        186.00421142578125,
        263.013671875,
        339.0264892578125,
        412.0319519042969,
        499.0096740722656
    ],
    "right_up": [
        68.00660705566406,
        147.0110321044922,
        224.0176544189453,
        302.0185241699219,
        376.00933837890625,
        452.0128173828125
    ]
}