{
    "left_down": [
        57.027137756347656,
        133.00759887695312,
        208.00955200195312,
        283.0287780761719,
        363.0215148925781,
        442.02532958984375
    ],
    "right_down": [
        17.009031295776367,
        92.0100326538086,
        168.00717163085938,
        243.0066375732422,
        321.0085144042969,
        400.0048828125
    ],
    "left_up": [
        28.009586334228516,
        103.01142883300781,
        179.0037384033203,
        254.00331115722656,
        332.0233154296875,
        411.0183410644531
    ],
    "right_up": [
        67.00390625,
        143.0026092529297,
        217.02593994140625,
        294.0016174316406,
        373.027587890625,
        453.0235595703125
    ]
}