{
    "left_down": [
        64.01605987548828,
        153.01300048828125,
        232.0168914794922,
        311.0194396972656,
        387.0008850097656,
        461.0046691894531,
        545.02392578125
    ],
    "right_down": [
        23.017837524414062,
        109.00489044189453,
        189.00689697265625,
        267.0303649902344,
        347.0148010253906,
        419.025634765625,
        499.0154724121094
    ],
    "left_up": [
        34.022300720214844,
        121.00662231445312,
        200.0130157470703,
        279.0003356933594,
        357.01177978515625,
        429.02447509765625,
        511.0112609863281
    ],
    "right_up": [
        1.013185977935791,
        77.03129577636719,
        162.02688598632812,
        241.02203369140625,
        320.03448486328125,
        395.005126953125,
        471.0063781738281,
        558.0174560546875
    ]
}