{
    "left_down": [
        62.030155181884766,
        141.0157928466797,
        228.0238494873047,
        316.0166015625,
        401.0116882324219,
        488.0260314941406,
        568.0167236328125
    ],
    "right_down": [
        18.011075973510742,
        98.02616882324219,
        179.0328369140625,
        270.01971435546875,
        356.0050354003906,
        442.0078125,
        527.027099609375,
        606.0031127929688
    ],
    "left_up": [
        31.01666831970215,
        110.0040054321289,
        194.0153350830078,
        284.00250244140625,
        368.01690673828125,
        455.0050354003906,
        538.0177001953125,
        619.03271484375
    ],
    "right_up": [
        0.0003517863224260509,
        72.01234436035156,
        152.01605224609375,
        240.0304412841797,
        328.0042419433594,
        413.0041198730469,
        500.029541015625,
        579.0235595703125
    ]
}