{
    "left_down": [
        15.018091201782227,
        81.0152816772461,
        148.00621032714844,
        215.0139923095703,
        282.02777099609375,
        348.025146484375,
        422.00927734375
    ],
    "right_down": [
        47.0009651184082,
        113.01973724365234,
        180.01634216308594,
        248.00181579589844,
        315.0049133300781,
        382.0122375488281
    ],
    "left_up": [
        56.016536712646484,
        122.0242691040039,
        189.02645874023438,
        257.0105285644531,
        324.0039367675781,
        393.01690673828125
    ],
    "right_up": [
        24.004985809326172,
        89.02377319335938,
        156.01901245117188,
        223.02691650390625,
        291.0110168457031,
        356.029541015625,
        431.02764892578125
    ]
}