{
    "left_down": [
        57.01581573486328,
        127.01416015625,
        196.02593994140625,
        269.01324462890625,
        341.0068054199219,
        413.01690673828125,
        489.0180358886719
    ],
    "right_down": [
        19.017545700073242,
        89.03118896484375,
        160.0191192626953,
        229.03211975097656,
        303.02777099609375,
        375.00958251953125,
        450.0032043457031
    ],
    "left_up": [
        29.014652252197266,
        99.00894927978516,
        169.025390625,
        239.0271453857422,
        313.006591796875,
        384.02783203125,
        460.0134582519531
    ],
    "right_up": [
        0.008758844807744026,
        65.01265716552734,
        135.02012634277344,
        204.03294372558594,
        278.0080871582031,
        349.0267639160156,
        422.0199890136719,
        499.0018310546875
    ]
}