{
    "left_down": [
        25.012800216674805,
        95.02674865722656,
        166.0033721923828,
        233.01976013183594,
        302.0224914550781,
        372.0202331542969,
        445.03125
    ],
    "right_down": [
        58.02593231201172,
        129.00572204589844,
        196.02281188964844,
        265.0133361816406,
        335.00927734375,
        404.0283203125
    ],
    "left_up": [
        68.00975799560547,
        139.00656127929688,
        206.0140380859375,
        275.00341796875,
        345.0077209472656,
        415.0221862792969
    ],
    "right_up": [
        34.008758544921875,
        105.00061798095703,
        174.01051330566406,
        242.00230407714844,
        311.020263671875,
        381.0118713378906,
        456.0237731933594
    ]
}