{
    "left_down": [
        61.00522994995117,
        136.00042724609375,
        209.02719116210938,
        282.03173828125,
        359.00335693359375
    ],
    "right_down": [
        17.024505615234375,
        95.0190200805664,
        170.00653076171875,
        243.0219268798828,
        318.0067443847656,
        395.0120544433594
    ],
    "left_up": [
        29.010648727416992,
        105.01749420166016,
        179.02716064453125,
        253.00372314453125,
        328.00848388671875,
        407.01690673828125
    ],
    "right_up": [
        69.01412200927734,
        144.01254272460938,
        218.0093536376953,
        291.0204162597656,
        368.0150146484375
    ]
}