{
    "left_down": [
        49.0097541809082,
        121.01480102539062,
        191.03184509277344,
        261.0023193359375,
        334.0108337402344,
        409.0085754394531
    ],
    "right_down": [
        11.012931823730469,
        86.00399017333984,
        156.0078125,
        225.02589416503906,
        296.0302429199219,
        370.01702880859375
    ],
    "left_up": [
        21.016603469848633,
        95.0114974975586,
        165.02572631835938,
        234.02537536621094,
        306.0271301269531,
        380.0285339355469
    ],
    "right_up": [
        59.003753662109375,
        130.02041625976562,
        200.0293731689453,
        270.0103454589844,
        343.0267028808594,
        419.0173034667969
    ]
}