{
    "left_down": [
        11.028543472290039,
        82.00194549560547,
        153.0112762451172,
        226.0235595703125,
        302.0191955566406,
        376.0053405761719
    ],
    "right_down": [
        44.012542724609375,
        116.02549743652344,
        187.0295867919922,
        264.0300598144531,
        338.020751953125
    ],
    "left_up": [
        54.0223503112793,
        126.00843811035156,
        197.0114288330078,
        274.01953125,
        348.0211486816406
    ],
    "right_up": [
        21.00774383544922,
        90.03292846679688,
        162.0107421875,
        236.0282440185547,
        312.00384521484375,
        386.0007019042969
    ]
}