{
    "left_down": [
        54.0048942565918,
        121.01152801513672,
        182.01873779296875,
        243.01222229003906,
        301.0316162109375,
        363.0152282714844,
        426.0223083496094,
        489.0173645019531,
        554.0050659179688
    ],
    "right_down": [
        22.010812759399414,
        89.00038146972656,
        151.02496337890625,
        212.013671875,
        272.0174865722656,
        331.0058898925781,
        393.0274658203125,
        456.017822265625,
        520.0176391601562
    ],
    "left_up": [
        30.0162353515625,
        97.0048599243164,
        159.00924682617188,
        220.00120544433594,
        279.01824951171875,
        339.00048828125,
        402.002685546875,
        464.02471923828125,
        528.0307006835938
    ],
    "right_up": [
        1.0234702825546265,
        63.010498046875,
        129.0177001953125,
        189.03294372558594,
        250.0218048095703,
        309.0000305175781,
        371.0088806152344,
        434.0131530761719,
        497.0221862792969,
        561.0267333984375
    ]
}