{
    "left_down": [
        48.02035140991211,
        124.01167297363281,
        202.02294921875,
        278.01251220703125,
        353.0142822265625,
        427.0179748535156
    ],
    "right_down": [
        9.008944511413574,
        85.0245590209961,
        161.0313262939453,
        240.00469970703125,
        314.0198669433594,
        390.01873779296875
    ],
    "left_up": [
        19.026187896728516,
        96.00877380371094,
        173.01206970214844,
        250.02359008789062,
        325.0050354003906,
        400.02947998046875
    ],
    "right_up": [
        0.000780839123763144,
        58.027347564697266,
        134.0121612548828,
        212.03155517578125,
        288.0005798339844,
        363.0130310058594,
        437.0249328613281
    ]
}