{
    "left_down": [
        2.011967182159424,
        73.00638580322266,
        143.00790405273438,
        214.02931213378906,
        282.0089416503906,
        351.02752685546875
    ],
    "right_down": [
        33.00236129760742,
        104.01504516601562,
        175.02359008789062,
        246.0302276611328,
        313.0292663574219
    ],
    "left_up": [
        44.012451171875,
        114.0291976928711,
        185.03126525878906,
        255.0289764404297,
        323.0216369628906
    ],
    "right_up": [
        11.023425102233887,
        80.02095031738281,
        150.0314178466797,
        222.0309295654297,
        289.0317687988281,
        360.0109558105469
    ]
}