{
    "left_down": [
        56.02146911621094,
        126.0011215209961,
        197.0228271484375,
        271.01507568359375,
        347.0154724121094
    ],
    "right_down": [
        20.001995086669922,
        90.02486419677734,
        160.02000427246094,
        234.014404296875,
        308.0205993652344
    ],
    "left_up": [
        29.032079696655273,
        100.00341796875,
        170.01210021972656,
        244.0025177001953,
        319.0005798339844
    ],
    "right_up": [
        0.019146600738167763,
        65.01524353027344,
        134.03196716308594,
        207.00889587402344,
        281.0054626464844,
        357.02264404296875
    ]
}