{
    "left_down": [
        18.01628875732422,
        101.03006744384766,
        173.0232391357422,
        242.0203857421875,
        315.0049743652344,
        386.0199279785156,
        457.0021667480469
    ],
    "right_down": [
        57.03218460083008,
        138.0316619873047,
        208.001953125,
        279.0000305175781,
        351.0135192871094,
        421.0335388183594,
        493.0154113769531
    ],
    "left_up": [
        70.01203918457031,
        147.03379821777344,
        216.02955627441406,
        288.01220703125,
        360.01934814453125,
        431.0035705566406,
        504.0112609863281
    ],
    "right_up": [
        29.03009033203125,
        112.01716613769531,
        182.01597595214844,
        251.0247344970703,
        324.0221252441406,
        395.0232238769531,
        466.0103454589844
    ]
}