{
    "left_down": [
        59.00102615356445,
        126.02497100830078,
        195.00466918945312,
        263.0027160644531,
        334.02716064453125
    ],
    "right_down": [
        19.0152645111084,
        91.0041275024414,
        159.00343322753906,
        227.01243591308594,
        296.0058288574219
    ],
    "left_up": [
        30.003042221069336,
        100.01223754882812,
        168.01220703125,
        236.01243591308594,
        306.0115661621094
    ],
    "right_up": [
        0.010227512568235397,
        67.01371765136719,
        135.01577758789062,
        203.02783203125,
        271.01837158203125,
        343.0322265625
    ]
}