{
    "left_down": [
        47.007225036621094,
        112.00215911865234,
        178.02845764160156,
        246.01907348632812,
        313.0217590332031
    ],
    "right_down": [
        11.025866508483887,
        78.01801300048828,
        144.00344848632812,
        211.01849365234375,
        279.01873779296875,
        348.01739501953125
    ],
    "left_up": [
        21.00628662109375,
        87.01248931884766,
        153.01028442382812,
        220.0224609375,
        288.02020263671875,
        359.01165771484375
    ],
    "right_up": [
        55.00275802612305,
        120.0042953491211,
        187.00987243652344,
        255.0064697265625,
        321.0316467285156
    ]
}