{
    "left_down": [
        63.02722930908203,
        133.01956176757812,
        203.02230834960938,
        272.01611328125,
        339.0246276855469,
        408.020751953125
    ],
    "right_down": [
        22.012969970703125,
        96.00350952148438,
        166.01126098632812,
        236.00482177734375,
        304.0117492675781,
        372.0205078125,
        440.0173645019531
    ],
    "left_up": [
        34.00272750854492,
        105.02765655517578,
        175.03282165527344,
        245.01805114746094,
        313.008056640625,
        381.0321044921875,
        451.0019226074219
    ],
    "right_up": [
        0.050199903547763824,
        72.01513671875,
        142.01194763183594,
        212.0187225341797,
        281.0090637207031,
        348.0204772949219,
        417.0081787109375
    ]
}