{
    "left_down": [
        59.01625442504883,
        131.0001678466797,
        203.0104522705078,
        273.0287170410156,
        346.01641845703125
    ],
    "right_down": [
        17.00472068786621,
        92.01827239990234,
        164.00450134277344,
        236.0265350341797,
        305.0317687988281,
        382.0242919921875
    ],
    "left_up": [
        28.007478713989258,
        101.0270004272461,
        173.02084350585938,
        245.02516174316406,
        315.0232238769531,
        394.0174560546875
    ],
    "right_up": [
        67.01590728759766,
        139.0012969970703,
        211.0227508544922,
        281.0238952636719,
        355.0287780761719
    ]
}