{
    "left_down": [
        21.00879669189453,
        96.03168487548828,
        166.024169921875,
        238.02806091308594,
        314.000244140625,
        389.00982666015625,
        464.0003356933594
    ],
    "right_down": [
        59.015419006347656,
        132.00747680664062,
        202.0237579345703,
        275.0058288574219,
        351.0216064453125,
        426.0279846191406,
        502.0183410644531
    ],
    "left_up": [
        69.02335357666016,
        141.00567626953125,
        212.0017547607422,
        284.0324401855469,
        361.0145568847656,
        436.0190734863281,
        514.0044555664062
    ],
    "right_up": [
        32.004966735839844,
        106.01685333251953,
        175.0244598388672,
        248.00921630859375,
        324.0001525878906,
        399.0052795410156,
        473.028564453125
    ]
}