{
    "left_down": [
        7.030501365661621,
        76.02291107177734,
        147.01942443847656,
        215.0001983642578,
        286.00909423828125,
        354.0077819824219,
        426.0069885253906
    ],
    "right_down": [
        41.013309478759766,
        110.01206970214844,
        180.0220489501953,
        248.0306854248047,
        320.0066223144531,
        388.028564453125
    ],
    "left_up": [
        51.00214385986328,
        120.01138305664062,
        189.02713012695312,
        258.0316467285156,
        329.0068664550781,
        399.0050354003906
    ],
    "right_up": [
        17.030433654785156,
        85.02641296386719,
        156.02081298828125,
        223.02635192871094,
        295.0284118652344,
        363.0043640136719,
        435.03350830078125
    ]
}