{
    "left_down": [
        49.00901412963867,
        118.0302963256836,
        187.0080108642578,
        252.02194213867188,
        321.0286560058594,
        393.0299377441406,
        464.00836181640625
    ],
    "right_down": [
        10.007018089294434,
        84.02201080322266,
        152.01866149902344,
        219.00933837890625,
        284.03314208984375,
        356.0171203613281,
        427.0325622558594,
        501.0186462402344
    ],
    "left_up": [
        20.02692413330078,
        93.03317260742188,
        162.00100708007812,
        228.00286865234375,
        294.0259704589844,
        366.0211181640625,
        437.0187683105469,
        513.0228271484375
    ],
    "right_up": [
        59.002685546875,
        127.03236389160156,
        195.02935791015625,
        260.0320739746094,
        331.0097961425781,
        403.00653076171875,
        473.0265197753906
    ]
}