{
    "left_down": [
        22.001131057739258,
        92.01705169677734,
        161.03109741210938,
        231.01950073242188,
        300.024169921875,
        370.0037536621094,
        444.0247802734375
    ],
    "right_down": [
        55.00248336791992,
        124.01167297363281,
        194.01449584960938,
        263.02984619140625,
        332.0197448730469,
        403.01953125
    ],
    "left_up": [
        64.02061462402344,
        133.0240478515625,
        203.02468872070312,
        273.00189208984375,
        341.0276794433594,
        414.0076599121094
    ],
    "right_up": [
        30.020023345947266,
        100.02226257324219,
        170.0041046142578,
        239.02357482910156,
        308.0259704589844,
        378.02105712890625,
        454.0198974609375
    ]
}