{
    "left_down": [
        16.03177833557129,
        84.0180435180664,
        151.0072784423828,
        220.00701904296875,
        289.01885986328125
    ],
    "right_down": [
        48.0044059753418,
        115.01432037353516,
        184.01611328125,
        251.03317260742188,
        323.01104736328125
    ],
    "left_up": [
        57.017066955566406,
        124.00228118896484,
        193.0163116455078,
        261.0171203613281,
        334.0118408203125
    ],
    "right_up": [
        24.037281036376953,
        92.00872802734375,
        159.01934814453125,
        228.00494384765625,
        298.0024108886719
    ]
}