{
    "left_down": [
        11.022868156433105,
        80.01268768310547,
        150.01800537109375,
        221.01856994628906,
        295.031494140625
    ],
    "right_down": [
        44.020408630371094,
        114.01971435546875,
        185.01486206054688,
        258.010498046875,
        332.0052490234375
    ],
    "left_up": [
        54.0051155090332,
        123.02143096923828,
        194.01853942871094,
        268.0084533691406,
        343.00799560546875
    ],
    "right_up": [
        20.031709671020508,
        89.00870513916016,
        159.0213165283203,
        230.03233337402344,
        305.0186767578125
    ]
}