{
    "left_down": [
        19.03190803527832,
        97.01473236083984,
        170.02964782714844,
        246.01560974121094
    ],
    "right_down": [
        56.029842376708984,
        132.01248168945312,
        204.0292205810547
    ],
    "left_up": [
        68.00081634521484,
        142.0199737548828,
        216.00038146972656
    ],
    "right_up": [
        30.016948699951172,
        107.012939453125,
        180.0003662109375,
        256.01458740234375
    ]
}