{
    "left_down": [
        36.01568603515625,
        114.0102767944336,
        188.02810668945312,
        266.0184631347656,
        339.0313720703125,
        412.01361083984375,
        485.00390625
    ],
    "right_down": [
        9.058072090148926,
        73.00830841064453,
        149.0197296142578,
        224.01759338378906,
        300.0208740234375,
        372.0262756347656,
        445.01165771484375,
        518.0306396484375
    ],
    "left_up": [
        13.009932518005371,
        83.02953338623047,
        159.02195739746094,
        235.0301513671875,
        311.0046081542969,
        383.01605224609375,
        456.0020446777344,
        532.0074462890625
    ],
    "right_up": [
        4.015517234802246,
        46.009212493896484,
        124.026123046875,
        198.0282440185547,
        276.0153503417969,
        348.03363037109375,
        421.0113830566406,
        494.02349853515625
    ]
}