{
    "left_down": [
        47.00838851928711,
        118.01770782470703,
        188.02442932128906,
        261.01422119140625
    ],
    "right_down": [
        10.006120681762695,
        81.01737976074219,
        152.00291442871094,
        223.02345275878906,
        298.0047607421875
    ],
    "left_up": [
        20.0073184967041,
        91.01556396484375,
        161.0238037109375,
        233.02525329589844,
        309.02490234375
    ],
    "right_up": [
        56.01190185546875,
        127.02169036865234,
        198.00271606445312,
        271.0054626464844
    ]
}