{
    "left_down": [
        10.0029935836792,
        89.01457214355469,
        166.01197814941406,
        244.0131072998047,
        320.01129150390625,
        398.0024719238281
    ],
    "right_down": [
        47.01091003417969,
        127.00394439697266,
        204.00856018066406,
        281.02099609375,
        357.0084533691406
    ],
    "left_up": [
        59.0251350402832,
        137.0272216796875,
        215.0059814453125,
        292.0041198730469,
        368.0135498046875
    ],
    "right_up": [
        21.010454177856445,
        99.02978515625,
        176.0275421142578,
        254.0283660888672,
        330.0127868652344,
        409.0014343261719
    ]
}