{
    "left_down": [
        58.013946533203125,
        128.0180206298828,
        199.0074920654297,
        268.0202941894531,
        340.00238037109375,
        410.0199890136719,
        482.0144348144531
    ],
    "right_down": [
        17.011396408081055,
        92.02887725830078,
        163.0213165283203,
        232.0316162109375,
        303.00347900390625,
        374.02490234375,
        445.0058288574219
    ],
    "left_up": [
        29.021055221557617,
        102.01151275634766,
        173.006103515625,
        242.0099639892578,
        312.0301513671875,
        384.0086975097656,
        455.0047912597656
    ],
    "right_up": [
        67.0084228515625,
        137.0178985595703,
        207.02783203125,
        277.01104736328125,
        348.03179931640625,
        419.01434326171875,
        491.0218505859375
    ]
}