{
    "left_down": [
        23.02223777770996,
        92.01433563232422,
        161.0279541015625,
        230.00396728515625,
        297.0302429199219,
        368.0057678222656,
        439.0243835449219
    ],
    "right_down": [
        58.007896423339844,
        124.01729583740234,
        193.02366638183594,
        261.0070495605469,
        330.0092468261719,
        400.0279541015625
    ],
    "left_up": [
        66.03155517578125,
        134.00628662109375,
        203.00953674316406,
        270.01983642578125,
        340.00592041015625,
        411.0175476074219
    ],
    "right_up": [
        33.003116607666016,
        101.00133514404297,
        170.01553344726562,
        238.01434326171875,
        306.02508544921875,
        377.00390625,
        448.029052734375
    ]
}