{
    "left_down": [
        48.01790237426758,
        108.0152816772461,
        169.025634765625,
        231.014404296875,
        292.0133056640625,
        354.0215759277344,
        416.03167724609375
    ],
    "right_down": [
        14.028068542480469,
        77.0264663696289,
        138.00711059570312,
        199.02252197265625,
        261.0063781738281,
        323.00048828125,
        384.0168151855469
    ],
    "left_up": [
        24.008424758911133,
        85.02313995361328,
        146.01007080078125,
        207.02874755859375,
        269.0018005371094,
        331.0084228515625,
        392.03192138671875
    ],
    "right_up": [
        56.0029411315918,
        115.03136444091797,
        177.01417541503906,
        239.0032501220703,
        300.0037841796875,
        362.0084228515625,
        424.017578125
    ]
}