{
    "left_down": [
        56.004573822021484,
        131.0057373046875,
        212.0225067138672,
        292.0118713378906,
        375.02728271484375,
        457.0147705078125
    ],
    "right_down": [
        16.018033981323242,
        90.0054931640625,
        168.0309600830078,
        249.02670288085938,
        330.0137634277344,
        413.0260314941406
    ],
    "left_up": [
        26.02354621887207,
        100.00869750976562,
        180.00901794433594,
        260.0257263183594,
        342.0234680175781,
        426.0035095214844
    ],
    "right_up": [
        64.02613067626953,
        141.00546264648438,
        222.0267791748047,
        302.01654052734375,
        386.005859375,
        467.0111083984375
    ]
}