{
    "left_down": [
        21.010400772094727,
        90.00753021240234,
        158.02557373046875,
        230.00698852539062,
        297.0182800292969,
        368.01806640625,
        440.0190124511719
    ],
    "right_down": [
        55.01476287841797,
        121.02784729003906,
        192.02740478515625,
        262.0302734375,
        330.03106689453125,
        402.024658203125,
        477.0083312988281
    ],
    "left_up": [
        64.01109313964844,
        130.0318145751953,
        202.0037384033203,
        271.01202392578125,
        340.0121154785156,
        412.0046691894531,
        487.0244445800781
    ],
    "right_up": [
        30.008270263671875,
        98.00379180908203,
        167.0098419189453,
        238.0186309814453,
        305.0188903808594,
        377.0005187988281,
        450.0001220703125
    ]
}