{
    "left_down": [
        55.02949905395508,
        130.0283660888672,
        212.0061492919922,
        291.01861572265625,
        375.0207824707031,
        456.0254821777344
    ],
    "right_down": [
        16.031251907348633,
        90.0032958984375,
        168.0238037109375,
        249.0136260986328,
        330.012451171875,
        414.0081787109375
    ],
    "left_up": [
        26.027734756469727,
        100.00318908691406,
        179.02703857421875,
        260.00933837890625,
        342.0235290527344,
        426.006103515625
    ],
    "right_up": [
        64.02059173583984,
        141.00559997558594,
        222.02316284179688,
        302.0141906738281,
        386.0209655761719,
        467.00970458984375
    ]
}