{
    "left_down": [
        65.01744842529297,
        153.0005645751953,
        231.00746154785156,
        310.0125732421875,
        386.0003662109375,
        460.02996826171875,
        544.0320434570312
    ],
    "right_down": [
        24.006488800048828,
        109.01255798339844,
        189.0095977783203,
        267.0216064453125,
        347.0001525878906,
        419.0190734863281,
        499.0189208984375
    ],
    "left_up": [
        35.0247917175293,
        121.0089111328125,
        200.0018310546875,
        278.0151062011719,
        356.02825927734375,
        429.0172424316406,
        511.0162048339844
    ],
    "right_up": [
        1.0086562633514404,
        78.01082611083984,
        162.00921630859375,
        240.01895141601562,
        320.0042724609375,
        394.00555419921875,
        471.0157165527344,
        558.0036010742188
    ]
}