{
    "left_down": [
        21.000171661376953,
        88.01744079589844,
        157.000244140625,
        228.00302124023438,
        296.0272216796875,
        368.00244140625,
        438.0139465332031,
        513.0166625976562
    ],
    "right_down": [
        51.01589584350586,
        121.00361633300781,
        189.01219177246094,
        260.0075378417969,
        330.0160827636719,
        401.01446533203125,
        474.016357421875
    ],
    "left_up": [
        60.029598236083984,
        130.0036163330078,
        199.00802612304688,
        269.0048828125,
        339.0236511230469,
        410.0161437988281,
        484.028076171875
    ],
    "right_up": [
        28.033672332763672,
        96.02033233642578,
        164.02667236328125,
        236.00982666015625,
        305.0076599121094,
        376.0196228027344,
        447.01397705078125
    ]
}