{
    "left_down": [
        24.039169311523438,
        95.00499725341797,
        165.01576232910156,
        233.0087890625,
        302.00787353515625,
        372.0086669921875,
        445.009521484375
    ],
    "right_down": [
        58.005680084228516,
        128.0141143798828,
        195.02162170410156,
        264.0112609863281,
        334.0267028808594,
        404.0066833496094
    ],
    "left_up": [
        67.02906799316406,
        138.02044677734375,
        205.02610778808594,
        274.01263427734375,
        344.031982421875,
        415.00335693359375
    ],
    "right_up": [
        33.030601501464844,
        104.01010131835938,
        173.0225067138672,
        241.0218963623047,
        311.00665283203125,
        380.0307922363281,
        455.03289794921875
    ]
}