{
    "left_down": [
        13.00436782836914,
        79.0062026977539,
        140.02459716796875,
        203.001953125,
        265.0122985839844,
        326.0073547363281,
        388.007080078125,
        452.0006408691406,
        523.0147705078125
    ],
    "right_down": [
        46.01611328125,
        109.02737426757812,
        171.00120544433594,
        232.02577209472656,
        295.0088195800781,
        356.0165100097656,
        419.00726318359375,
        484.02716064453125,
        565.0120239257812
    ],
    "left_up": [
        55.01536560058594,
        117.02368927001953,
        179.0181121826172,
        241.0177764892578,
        303.0098876953125,
        364.0212097167969,
        427.0244445800781,
        495.0162658691406,
        578.0004272460938
    ],
    "right_up": [
        22.012590408325195,
        87.01106262207031,
        148.01248168945312,
        210.0159454345703,
        272.028564453125,
        333.02117919921875,
        396.00225830078125,
        460.0081481933594,
        533.024169921875
    ]
}