{
    "left_down": [
        22.036903381347656,
        91.01333618164062,
        160.0236053466797,
        229.0054931640625,
        297.0084533691406,
        367.0157775878906,
        439.0154113769531
    ],
    "right_down": [
        57.00743865966797,
        123.0191650390625,
        192.01998901367188,
        260.0206604003906,
        329.0196533203125,
        400.0068054199219
    ],
    "left_up": [
        65.03408813476562,
        133.00563049316406,
        202.0066375732422,
        270.00396728515625,
        339.0212097167969,
        411.004638671875
    ],
    "right_up": [
        32.01230239868164,
        100.007568359375,
        169.02020263671875,
        237.02566528320312,
        306.0050354003906,
        376.01190185546875,
        448.0204772949219
    ]
}