{
    "left_down": [
        47.00776290893555,
        118.0091781616211,
        188.02830505371094,
        261.0201110839844
    ],
    "right_down": [
        9.022786140441895,
        81.01627349853516,
        151.0153350830078,
        223.0247039794922,
        297.0306091308594
    ],
    "left_up": [
        19.02712059020996,
        91.01480865478516,
        161.0126495361328,
        233.02932739257812,
        309.010986328125
    ],
    "right_up": [
        56.009769439697266,
        127.00140380859375,
        198.0054168701172,
        271.0044860839844
    ]
}