{
    "left_down": [
        54.00310134887695,
        120.02865600585938,
        182.00234985351562,
        242.0124969482422,
        301.0113525390625,
        362.0271301269531,
        425.031494140625,
        487.0289611816406,
        553.0170288085938
    ],
    "right_down": [
        22.008195877075195,
        88.01384735107422,
        150.03012084960938,
        211.01260375976562,
        271.0245666503906,
        330.0274353027344,
        393.01318359375,
        455.0255432128906,
        519.0125122070312
    ],
    "left_up": [
        30.011775970458984,
        96.01679229736328,
        158.01805114746094,
        218.0318145751953,
        278.02349853515625,
        338.0160827636719,
        401.01702880859375,
        463.02301025390625,
        527.025634765625
    ],
    "right_up": [
        1.038071870803833,
        63.00316619873047,
        128.0316619873047,
        189.01243591308594,
        249.02027893066406,
        308.0162048339844,
        370.0229797363281,
        433.02294921875,
        495.03076171875,
        561.0109252929688
    ]
}