{
    "left_down": [
        23.004974365234375,
        86.0206298828125,
        152.01852416992188,
        221.02273559570312,
        288.01080322265625,
        356.0098571777344
    ],
    "right_down": [
        51.03293991088867,
        116.00025939941406,
        184.02076721191406,
        252.00885009765625,
        318.033447265625,
        388.00299072265625
    ],
    "left_up": [
        60.02201461791992,
        125.00086212158203,
        194.00413513183594,
        261.0127258300781,
        328.0135192871094,
        398.0224609375
    ],
    "right_up": [
        30.00322723388672,
        93.02391052246094,
        160.02041625976562,
        229.01844787597656,
        296.0023498535156,
        364.01568603515625
    ]
}