{
    "left_down": [
        16.005861282348633,
        97.01290130615234,
        174.02320861816406,
        255.01324462890625,
        334.0120544433594,
        418.0195007324219,
        499.0080871582031
    ],
    "right_down": [
        56.01553726196289,
        136.00157165527344,
        212.01402282714844,
        293.0085754394531,
        374.0165100097656,
        459.01141357421875
    ],
    "left_up": [
        69.01058197021484,
        147.0194091796875,
        226.0029754638672,
        305.0209045410156,
        387.0014953613281,
        470.0224609375
    ],
    "right_up": [
        28.02855110168457,
        108.01805877685547,
        184.03358459472656,
        265.0140686035156,
        344.02978515625,
        429.0199279785156,
        509.03125
    ]
}