{
    "left_down": [
        22.00375747680664,
        92.00396728515625,
        162.0001678466797,
        231.01881408691406,
        299.0312194824219,
        369.0106506347656,
        444.0039367675781
    ],
    "right_down": [
        54.02994918823242,
        123.01586151123047,
        193.02774047851562,
        263.0069885253906,
        331.03204345703125,
        402.0319519042969
    ],
    "left_up": [
        64.01062774658203,
        133.00685119628906,
        203.01290893554688,
        272.0129699707031,
        341.0049133300781,
        413.0196838378906
    ],
    "right_up": [
        30.0201358795166,
        100.00450897216797,
        170.00511169433594,
        239.02178955078125,
        308.00238037109375,
        377.0326232910156,
        454.0045471191406
    ]
}