{
    "left_down": [
        11.008814811706543,
        80.02294158935547,
        152.01913452148438,
        226.0084686279297,
        301.0094299316406,
        375.0050964355469
    ],
    "right_down": [
        43.03055191040039,
        116.01075744628906,
        187.0106201171875,
        264.0025329589844,
        338.0116271972656
    ],
    "left_up": [
        53.024681091308594,
        125.0189437866211,
        196.0246124267578,
        273.0090637207031,
        347.0307922363281
    ],
    "right_up": [
        20.03110122680664,
        90.00218963623047,
        161.0265350341797,
        236.01202392578125,
        311.00140380859375,
        385.000244140625
    ]
}