{
    "left_down": [
        14.029239654541016,
        82.02923583984375,
        151.00262451171875,
        220.00302124023438,
        288.0252685546875,
        358.0194396972656
    ],
    "right_down": [
        46.020652770996094,
        113.01887512207031,
        182.02410888671875,
        251.019775390625,
        320.0273132324219,
        391.0077819824219
    ],
    "left_up": [
        55.02360534667969,
        122.02778625488281,
        192.00425720214844,
        260.0309143066406,
        330.00970458984375,
        401.01995849609375
    ],
    "right_up": [
        23.004901885986328,
        90.0233383178711,
        159.0074005126953,
        228.00588989257812,
        296.029296875,
        367.0014343261719
    ]
}