{
    "left_down": [
        8.004587173461914,
        76.02925872802734,
        145.00709533691406,
        211.0098419189453,
        276.025634765625,
        344.0081481933594,
        415.00616455078125
    ],
    "right_down": [
        43.01259231567383,
        112.00897979736328,
        178.02444458007812,
        243.01812744140625,
        311.012451171875,
        378.0289611816406,
        453.0268249511719
    ],
    "left_up": [
        53.00192642211914,
        121.01293182373047,
        187.02423095703125,
        252.01100158691406,
        320.0065002441406,
        388.01092529296875,
        465.0145568847656
    ],
    "right_up": [
        18.024951934814453,
        86.01846313476562,
        154.01869201660156,
        220.00181579589844,
        285.0292663574219,
        353.01251220703125,
        425.00469970703125
    ]
}