{
    "left_down": [
        49.010738372802734,
        118.03197479248047,
        187.00296020507812,
        252.02645874023438,
        321.015625,
        393.01104736328125,
        463.00701904296875
    ],
    "right_down": [
        11.008493423461914,
        86.01177978515625,
        152.0340576171875,
        219.01881408691406,
        286.00634765625,
        357.0221862792969,
        428.0044250488281,
        501.0051574707031
    ],
    "left_up": [
        22.00315284729004,
        95.01480102539062,
        162.01524353027344,
        228.0203857421875,
        295.0236511230469,
        367.0180969238281,
        437.01873779296875,
        513.0064697265625
    ],
    "right_up": [
        59.02699661254883,
        128.0123291015625,
        196.00357055664062,
        261.0137634277344,
        331.00933837890625,
        402.02520751953125,
        472.028564453125
    ]
}