{
    "left_down": [
        47.019893646240234,
        107.02583312988281,
        169.01144409179688,
        231.00538635253906,
        291.0215759277344,
        352.0221252441406,
        414.0293273925781
    ],
    "right_down": [
        14.026878356933594,
        77.0057601928711,
        137.0181121826172,
        199.0052032470703,
        260.00164794921875,
        321.0293884277344,
        382.004638671875
    ],
    "left_up": [
        23.029401779174805,
        85.00326538085938,
        145.02609252929688,
        207.0200958251953,
        268.0050964355469,
        329.03179931640625,
        390.0257263183594
    ],
    "right_up": [
        55.006378173828125,
        115.00819396972656,
        176.0307159423828,
        238.01869201660156,
        299.0065612792969,
        359.0298156738281,
        422.0147399902344
    ]
}