{
    "left_down": [
        21.002134323120117,
        96.01407623291016,
        166.0071563720703,
        238.00503540039062,
        313.0221252441406,
        389.0015563964844,
        463.02203369140625
    ],
    "right_down": [
        58.03188705444336,
        131.0172882080078,
        202.00314331054688,
        273.03271484375,
        351.0013122558594,
        426.005126953125,
        502.02349853515625
    ],
    "left_up": [
        69.0064926147461,
        140.01622009277344,
        211.01536560058594,
        284.0054016113281,
        361.00030517578125,
        435.03076171875,
        514.0126953125
    ],
    "right_up": [
        31.035280227661133,
        105.03223419189453,
        175.01300048828125,
        247.01968383789062,
        323.02288818359375,
        398.0309143066406,
        473.0263977050781
    ]
}