{
    "left_down": [
        14.030648231506348,
        98.01553344726562,
        181.0023193359375,
        265.0229797363281,
        350.01068115234375,
        433.0218811035156,
        520.0152587890625,
        600.0010986328125
    ],
    "right_down": [
        52.01622772216797,
        135.02098083496094,
        221.00926208496094,
        302.011962890625,
        389.0028076171875,
        473.0137023925781,
        557.0072631835938,
        638.0177001953125
    ],
    "left_up": [
        66.01201629638672,
        147.01089477539062,
        234.00648498535156,
        316.0099792480469,
        401.0059814453125,
        487.0096130371094,
        569.0147094726562,
        653.0103759765625
    ],
    "right_up": [
        26.013338088989258,
        109.00007629394531,
        193.0108642578125,
        275.009033203125,
        361.00830078125,
        444.0246276855469,
        530.0240478515625,
        610.0309448242188
    ]
}