{
    "left_down": [
        55.01023864746094,
        124.02525329589844,
        196.017578125,
        270.01361083984375,
        346.0113830566406
    ],
    "right_down": [
        18.006193161010742,
        89.01934814453125,
        159.01466369628906,
        232.02830505371094,
        307.0287170410156
    ],
    "left_up": [
        28.00297737121582,
        98.02540588378906,
        169.00318908691406,
        242.01528930664062,
        318.0059814453125
    ],
    "right_up": [
        0.0009293023031204939,
        64.01178741455078,
        133.0288848876953,
        206.001708984375,
        280.0040588378906,
        356.012451171875
    ]
}