{
    "left_down": [
        47.01380157470703,
        106.00228881835938,
        167.0032501220703,
        227.0193328857422,
        287.0024719238281,
        349.01470947265625,
        411.0205993652344
    ],
    "right_down": [
        16.02471351623535,
        77.00167083740234,
        135.01345825195312,
        196.01580810546875,
        256.0008239746094,
        316.027587890625,
        379.0157470703125,
        443.0055236816406
    ],
    "left_up": [
        25.003494262695312,
        84.01773834228516,
        143.0162353515625,
        204.0171661376953,
        263.033447265625,
        325.01641845703125,
        387.0301208496094,
        452.0240173339844
    ],
    "right_up": [
        54.0296745300293,
        113.01557159423828,
        174.02090454101562,
        234.02432250976562,
        294.01220703125,
        356.032470703125,
        419.00506591796875
    ]
}