{
    "left_down": [
        21.002254486083984,
        91.00140380859375,
        163.01492309570312,
        235.0218505859375,
        307.02166748046875,
        381.02679443359375
    ],
    "right_down": [
        55.024139404296875,
        124.01156616210938,
        198.0149688720703,
        268.0303955078125,
        343.008056640625,
        420.0135803222656
    ],
    "left_up": [
        64.03284454345703,
        134.01358032226562,
        208.00770568847656,
        278.0303039550781,
        353.0086364746094,
        432.0242614746094
    ],
    "right_up": [
        30.020198822021484,
        99.0320816040039,
        173.00315856933594,
        244.025634765625,
        317.0249938964844,
        392.0254821777344
    ]
}