{
    "left_down": [
        16.000568389892578,
        90.03096008300781,
        165.017578125,
        236.03164672851562,
        307.01043701171875,
        377.0289306640625,
        454.0043029785156
    ],
    "right_down": [
        53.023834228515625,
        128.00294494628906,
        200.03005981445312,
        272.0079040527344,
        342.01678466796875,
        415.0115051269531
    ],
    "left_up": [
        64.01219940185547,
        138.02061462402344,
        210.02403259277344,
        281.02984619140625,
        352.0050048828125,
        426.0022888183594
    ],
    "right_up": [
        27.017051696777344,
        101.01826477050781,
        175.0240020751953,
        246.02056884765625,
        317.00274658203125,
        387.026123046875,
        464.0164794921875
    ]
}