{
    "left_down": [
        59.01197052001953,
        130.0020751953125,
        203.023193359375,
        275.0101318359375,
        346.0244140625,
        417.02850341796875
    ],
    "right_down": [
        20.002952575683594,
        94.0199203491211,
        166.00454711914062,
        238.03260803222656,
        310.0318908691406,
        382.01318359375
    ],
    "left_up": [
        31.02391242980957,
        104.00638580322266,
        176.0149383544922,
        248.02011108398438,
        320.00836181640625,
        391.0317687988281
    ],
    "right_up": [
        0.015382358804345131,
        68.01776123046875,
        139.00990295410156,
        212.03294372558594,
        284.0196838378906,
        355.03033447265625,
        426.02886962890625
    ]
}