{
    "left_down": [
        46.027122497558594,
        112.00191497802734,
        178.0116729736328,
        243.01731872558594,
        310.0088195800781
    ],
    "right_down": [
        11.011993408203125,
        77.00272369384766,
        142.0062713623047,
        208.0035400390625,
        273.0194396972656,
        342.0075378417969
    ],
    "left_up": [
        20.00786781311035,
        85.02506256103516,
        151.01132202148438,
        217.00418090820312,
        282.0196533203125,
        352.0189208984375
    ],
    "right_up": [
        54.01506805419922,
        119.0207290649414,
        185.0261993408203,
        250.03147888183594,
        318.0121154785156
    ]
}