{
    "left_down": [
        49.01371765136719,
        120.0230712890625,
        190.03115844726562,
        259.0301818847656,
        332.0238952636719,
        408.0052795410156
    ],
    "right_down": [
        14.0059175491333,
        85.0047378540039,
        155.0115509033203,
        225.00540161132812,
        294.02496337890625,
        369.0283203125
    ],
    "left_up": [
        23.019718170166016,
        94.01126861572266,
        164.0264892578125,
        233.0312042236328,
        304.01177978515625,
        380.0022277832031
    ],
    "right_up": [
        58.02289962768555,
        130.0013885498047,
        200.00169372558594,
        268.03204345703125,
        342.0182800292969,
        418.0097961425781
    ]
}