{
    "left_down": [
        68.000732421875,
        145.02418518066406,
        230.0203094482422,
        314.001220703125,
        396.02191162109375,
        478.0143737792969
    ],
    "right_down": [
        20.01650619506836,
        104.02013397216797,
        185.00033569335938,
        268.0100402832031,
        352.0171203613281,
        436.0035705566406,
        515.0089111328125
    ],
    "left_up": [
        34.02952194213867,
        115.01314544677734,
        198.0074920654297,
        280.0226745605469,
        364.0001525878906,
        447.0088806152344,
        528.0113525390625
    ],
    "right_up": [
        0.009167198091745377,
        77.01640319824219,
        155.02110290527344,
        240.01622009277344,
        325.0132751464844,
        407.03173828125,
        489.00848388671875
    ]
}