{
    "left_down": [
        0.006070967763662338,
        68.0261459350586,
        135.0172882080078,
        203.01913452148438,
        270.0029602050781,
        336.0088806152344,
        404.0047607421875
    ],
    "right_down": [
        30.032039642333984,
        101.01758575439453,
        166.0169219970703,
        234.03382873535156,
        300.02362060546875,
        366.0183410644531,
        436.0281982421875
    ],
    "left_up": [
        40.02440643310547,
        110.00057983398438,
        175.0244903564453,
        243.02938842773438,
        309.0277404785156,
        376.0028991699219,
        448.01885986328125
    ],
    "right_up": [
        9.00089168548584,
        76.0331039428711,
        143.0023651123047,
        211.02133178710938,
        277.0289001464844,
        343.0298156738281,
        412.01751708984375
    ]
}