{
    "left_down": [
        14.016273498535156,
        79.02738952636719,
        147.02923583984375,
        214.02902221679688,
        281.02923583984375,
        347.0131530761719,
        420.0316467285156
    ],
    "right_down": [
        46.029258728027344,
        112.02069854736328,
        180.0123748779297,
        248.00657653808594,
        314.0050964355469,
        382.0144348144531
    ],
    "left_up": [
        56.000831604003906,
        122.00980377197266,
        189.02456665039062,
        257.0119934082031,
        322.03228759765625,
        393.0155029296875
    ],
    "right_up": [
        23.020811080932617,
        88.01788330078125,
        156.01795959472656,
        223.01651000976562,
        290.00946044921875,
        355.0278015136719,
        430.0220031738281
    ]
}