{
    "left_down": [
        43.03041458129883,
        109.01213836669922,
        173.0196533203125,
        242.0016326904297,
        310.0140686035156
    ],
    "right_down": [
        8.029298782348633,
        77.0142593383789,
        141.00047302246094,
        207.00108337402344,
        275.0268859863281,
        346.0283508300781
    ],
    "left_up": [
        17.024362564086914,
        86.00238800048828,
        149.0167999267578,
        216.01377868652344,
        285.0074768066406,
        357.0269775390625
    ],
    "right_up": [
        52.01445770263672,
        117.01640319824219,
        182.00979614257812,
        250.03097534179688,
        318.02978515625
    ]
}