{
    "left_down": [
        63.02164077758789,
        133.00953674316406,
        203.00587463378906,
        271.02008056640625,
        339.01312255859375,
        408.00238037109375
    ],
    "right_down": [
        23.030662536621094,
        95.01998138427734,
        165.0093231201172,
        235.0095672607422,
        303.0087890625,
        371.0247497558594,
        440.0012512207031
    ],
    "left_up": [
        35.005802154541016,
        105.01648712158203,
        175.0054473876953,
        244.02430725097656,
        312.0186462402344,
        381.01141357421875,
        451.0135192871094
    ],
    "right_up": [
        1.0206849575042725,
        72.00591278076172,
        142.00001525878906,
        212.00238037109375,
        280.01385498046875,
        348.0065002441406,
        416.02386474609375
    ]
}