{
    "left_down": [
        8.020023345947266,
        89.02955627441406,
        166.02101135253906,
        244.0209197998047,
        320.02850341796875,
        398.00927734375
    ],
    "right_down": [
        47.02176284790039,
        127.0313720703125,
        203.0270538330078,
        281.02313232421875,
        357.01092529296875
    ],
    "left_up": [
        60.005496978759766,
        138.01441955566406,
        214.03146362304688,
        292.0105895996094,
        368.0149230957031
    ],
    "right_up": [
        20.00811767578125,
        100.0110855102539,
        176.02667236328125,
        254.03053283691406,
        330.0216369628906,
        408.02899169921875
    ]
}