{
    "left_down": [
        20.003490447998047,
        97.01011657714844,
        170.00430297851562,
        245.0263214111328
    ],
    "right_down": [
        56.02332305908203,
        131.02066040039062,
        204.0138702392578
    ],
    "left_up": [
        67.02599334716797,
        141.0267791748047,
        215.01629638671875
    ],
    "right_up": [
        30.025089263916016,
        107.01033020019531,
        179.0145263671875,
        256.0039367675781
    ]
}