{
    "left_down": [
        58.02919387817383,
        132.00198364257812,
        204.00347900390625,
        275.0171203613281,
        348.0262145996094,
        420.0224609375,
        500.00311279296875
    ],
    "right_down": [
        19.005279541015625,
        92.02071380615234,
        166.00050354003906,
        237.00857543945312,
        311.0130920410156,
        382.01318359375,
        459.0096740722656
    ],
    "left_up": [
        29.014822006225586,
        102.01764678955078,
        175.0209197998047,
        246.0218505859375,
        320.0278625488281,
        391.0173645019531,
        469.0286865234375
    ],
    "right_up": [
        0.009837789461016655,
        67.01609802246094,
        140.0198974609375,
        212.01622009277344,
        284.0194396972656,
        357.0121154785156,
        430.0140075683594,
        510.0108337402344
    ]
}