{
    "left_down": [
        21.018726348876953,
        93.03096771240234,
        169.004638671875,
        244.00144958496094,
        324.0220642089844,
        403.0184020996094
    ],
    "right_down": [
        56.017799377441406,
        130.0036163330078,
        203.0186004638672,
        280.0296325683594,
        361.0257568359375
    ],
    "left_up": [
        66.01033020019531,
        140.01795959472656,
        214.005615234375,
        292.02032470703125,
        372.0324401855469
    ],
    "right_up": [
        31.01486587524414,
        103.03286743164062,
        178.02651977539062,
        254.02110290527344,
        335.03240966796875,
        414.0198059082031
    ]
}