{
    "left_down": [
        57.02775192260742,
        127.01812744140625,
        197.0005645751953,
        269.00799560546875,
        341.0077209472656,
        413.0235290527344,
        490.0108337402344
    ],
    "right_down": [
        20.001482009887695,
        89.03164672851562,
        160.0234375,
        230.00767517089844,
        304.0055236816406,
        375.02423095703125,
        450.0074157714844
    ],
    "left_up": [
        29.027124404907227,
        99.00867462158203,
        169.02801513671875,
        239.02735900878906,
        313.01397705078125,
        385.0064697265625,
        460.02020263671875
    ],
    "right_up": [
        0.021298816427588463,
        65.01533508300781,
        135.02186584472656,
        205.0062255859375,
        278.00421142578125,
        349.0270080566406,
        422.0271301269531,
        500.0085144042969
    ]
}