{
    "left_down": [
        8.02111530303955,
        76.02445220947266,
        147.0238800048828,
        215.00039672851562,
        285.016357421875,
        353.0142822265625,
        424.0290222167969
    ],
    "right_down": [
        42.030635833740234,
        111.01224517822266,
        181.001708984375,
        249.0270538330078,
        320.0129089355469,
        388.0155334472656
    ],
    "left_up": [
        52.01408004760742,
        121.00933074951172,
        190.0076141357422,
        259.0174255371094,
        329.0115051269531,
        398.0216369628906
    ],
    "right_up": [
        18.03519630432129,
        86.00947570800781,
        156.0309295654297,
        224.00341796875,
        295.0112609863281,
        362.01953125,
        434.02569580078125
    ]
}