{
    "left_down": [
        17.02310562133789,
        101.00641632080078,
        173.0131072998047,
        242.0092315673828,
        314.0284423828125,
        386.0179443359375,
        456.028076171875
    ],
    "right_down": [
        57.004234313964844,
        138.01800537109375,
        207.03077697753906,
        278.0094299316406,
        350.02484130859375,
        421.0185546875,
        493.02880859375
    ],
    "left_up": [
        69.01917266845703,
        147.02105712890625,
        216.0221710205078,
        287.0292663574219,
        360.0036315917969,
        430.02313232421875,
        504.0226135253906
    ],
    "right_up": [
        29.007051467895508,
        111.0326919555664,
        182.0128631591797,
        251.01327514648438,
        324.01068115234375,
        395.0238342285156,
        466.01165771484375
    ]
}