{
    "left_down": [
        62.02225112915039,
        140.02313232421875,
        227.02513122558594,
        315.031005859375,
        400.0306396484375,
        488.00433349609375,
        569.0062255859375
    ],
    "right_down": [
        19.02243995666504,
        98.0327377319336,
        180.02334594726562,
        270.009033203125,
        356.0025634765625,
        443.00921630859375,
        528.003662109375,
        607.0224609375
    ],
    "left_up": [
        32.00279998779297,
        110.00926971435547,
        194.00384521484375,
        283.0262756347656,
        368.02032470703125,
        455.0225524902344,
        539.0017700195312,
        621.004638671875
    ],
    "right_up": [
        0.022700311616063118,
        72.01555633544922,
        151.0234375,
        240.00723266601562,
        328.0137939453125,
        413.0058288574219,
        500.01824951171875,
        580.0183715820312
    ]
}