{
    "left_down": [
        57.00884246826172,
        136.0189666748047,
        214.01593017578125,
        292.0099792480469,
        366.02783203125,
        441.0019226074219
    ],
    "right_down": [
        14.014814376831055,
        96.01182556152344,
        174.0166015625,
        251.02734375,
        329.0309143066406,
        402.0246276855469,
        483.0000915527344
    ],
    "left_up": [
        27.009593963623047,
        107.02147674560547,
        185.0218963623047,
        263.0022277832031,
        340.0039367675781,
        412.03021240234375,
        496.0165710449219
    ],
    "right_up": [
        68.00337982177734,
        146.02252197265625,
        224.0110321044922,
        302.0143127441406,
        376.00909423828125,
        451.02545166015625
    ]
}