{
    "left_down": [
        55.03128433227539,
        127.01963806152344,
        197.0037841796875,
        266.0041198730469,
        336.0188903808594,
        405.01873779296875,
        476.0076599121094
    ],
    "right_down": [
        18.02011489868164,
        91.02540588378906,
        162.01783752441406,
        231.00631713867188,
        301.00213623046875,
        371.00311279296875,
        441.0060729980469
    ],
    "left_up": [
        28.030399322509766,
        101.00113677978516,
        171.01348876953125,
        240.00376892089844,
        310.0108642578125,
        379.0318298339844,
        450.01104736328125
    ],
    "right_up": [
        65.0180435180664,
        137.0010528564453,
        205.03167724609375,
        275.0044860839844,
        345.0216979980469,
        414.0196533203125,
        485.0294189453125
    ]
}