{
    "left_down": [
        58.021663665771484,
        130.00987243652344,
        202.0221710205078,
        272.0112609863281,
        345.0305480957031
    ],
    "right_down": [
        17.024234771728516,
        92.0078125,
        164.00148010253906,
        236.01531982421875,
        305.0205383300781,
        383.0185241699219
    ],
    "left_up": [
        28.010292053222656,
        101.01210021972656,
        173.00885009765625,
        245.0009307861328,
        315.00909423828125,
        395.00933837890625
    ],
    "right_up": [
        66.02488708496094,
        138.02066040039062,
        211.00802612304688,
        280.0070495605469,
        355.0283203125
    ]
}