{
    "left_down": [
        60.02025604248047,
        135.00132751464844,
        208.02224731445312,
        281.0300598144531,
        358.0120544433594
    ],
    "right_down": [
        18.021408081054688,
        95.0176010131836,
        170.0060577392578,
        243.01791381835938,
        317.0230407714844,
        395.0328063964844
    ],
    "left_up": [
        29.01968765258789,
        105.0033950805664,
        179.01275634765625,
        252.02288818359375,
        327.0182800292969,
        408.0039978027344
    ],
    "right_up": [
        69.0027847290039,
        143.02597045898438,
        217.02117919921875,
        290.0230712890625,
        368.0084228515625
    ]
}