{
    "left_down": [
        67.00362396240234,
        140.0154266357422,
        207.02230834960938,
        275.0306396484375,
        345.0185546875,
        414.0314025878906,
        487.00604248046875
    ],
    "right_down": [
        22.023040771484375,
        104.03215789794922,
        174.00437927246094,
        241.01626586914062,
        309.02911376953125,
        380.01409912109375,
        449.0338439941406,
        529.0011596679688
    ],
    "left_up": [
        35.017127990722656,
        114.0197525024414,
        183.00050354003906,
        250.0165252685547,
        319.0054931640625,
        389.01177978515625,
        459.0118103027344,
        542.0260009765625
    ],
    "right_up": [
        0.03538362681865692,
        77.02532958984375,
        149.01425170898438,
        216.0104217529297,
        284.0262145996094,
        354.0211181640625,
        423.0299987792969,
        497.0175476074219
    ]
}