{
    "left_down": [
        52.017486572265625,
        122.02384185791016,
        192.01210021972656,
        263.0144958496094
    ],
    "right_down": [
        17.019742965698242,
        86.01515197753906,
        158.01231384277344,
        228.0118865966797
    ],
    "left_up": [
        26.024133682250977,
        95.01671600341797,
        166.0296630859375,
        237.0150909423828
    ],
    "right_up": [
        61.013397216796875,
        132.0066375732422,
        201.0194549560547,
        272.0162353515625
    ]
}