{
    "left_down": [
        12.024073600769043,
        91.01038360595703,
        164.02188110351562,
        239.01422119140625,
        315.0085144042969,
        390.0116271972656
    ],
    "right_down": [
        51.01564025878906,
        128.00570678710938,
        200.00668334960938,
        275.0232849121094,
        351.0021667480469
    ],
    "left_up": [
        62.027122497558594,
        138.00051879882812,
        211.00401306152344,
        286.0250549316406,
        362.0002746582031
    ],
    "right_up": [
        23.033550262451172,
        101.01732635498047,
        174.0037384033203,
        249.0098419189453,
        324.0220947265625,
        400.022705078125
    ]
}