{
    "left_down": [
        58.00990676879883,
        128.0154571533203,
        198.02040100097656,
        268.0079040527344,
        339.0193176269531,
        409.0309753417969,
        481.015625
    ],
    "right_down": [
        16.024410247802734,
        93.02867126464844,
        164.00665283203125,
        232.02847290039062,
        303.0103759765625,
        374.0245666503906,
        444.0273742675781
    ],
    "left_up": [
        29.00688934326172,
        103.00178527832031,
        173.01278686523438,
        242.00607299804688,
        312.0294189453125,
        384.00030517578125,
        454.0179138183594
    ],
    "right_up": [
        67.0274887084961,
        137.02110290527344,
        207.01919555664062,
        277.0099182128906,
        348.02459716796875,
        418.0288391113281,
        490.0273132324219
    ]
}