{
    "left_down": [
        66.02814483642578,
        149.03260803222656,
        233.01922607421875,
        315.0039978027344,
        396.0126953125,
        479.0091552734375,
        559.0182495117188
    ],
    "right_down": [
        24.000158309936523,
        109.0038070678711,
        192.0238800048828,
        272.0227966308594,
        356.0033264160156,
        436.03167724609375,
        519.0225219726562,
        598.02587890625
    ],
    "left_up": [
        36.01850128173828,
        120.00676727294922,
        204.00112915039062,
        283.03118896484375,
        366.03289794921875,
        448.01202392578125,
        530.009765625,
        611.0242309570312
    ],
    "right_up": [
        0.053991422057151794,
        79.00480651855469,
        161.0247344970703,
        244.00550842285156,
        326.0080871582031,
        407.0129089355469,
        490.0115966796875,
        569.0264282226562
    ]
}