{
    "left_down": [
        18.021516799926758,
        87.0064926147461,
        158.0159149169922,
        229.0319061279297,
        305.02703857421875
    ],
    "right_down": [
        53.016422271728516,
        122.02450561523438,
        193.01768493652344,
        267.0079650878906
    ],
    "left_up": [
        62.00877380371094,
        132.00857543945312,
        202.02293395996094,
        277.01458740234375
    ],
    "right_up": [
        28.0152645111084,
        96.02069854736328,
        167.02520751953125,
        239.01856994628906,
        316.0023498535156
    ]
}