{
    "left_down": [
        58.03077697753906,
        126.01136779785156,
        194.02365112304688,
        262.01519775390625,
        334.0082702636719
    ],
    "right_down": [
        20.01020050048828,
        91.00984191894531,
        159.00062561035156,
        226.0312957763672,
        295.0218505859375
    ],
    "left_up": [
        30.019975662231445,
        100.0135498046875,
        168.005126953125,
        235.02951049804688,
        305.0258483886719
    ],
    "right_up": [
        0.024451998993754387,
        67.0194320678711,
        135.00534057617188,
        203.02171325683594,
        271.0059509277344,
        343.02545166015625
    ]
}