{
    "left_down": [
        49.00585174560547,
        124.02366638183594,
        202.0191650390625,
        278.0146179199219,
        353.0164489746094,
        426.0207824707031
    ],
    "right_down": [
        9.012857437133789,
        86.00790405273438,
        161.0218963623047,
        240.0221710205078,
        314.02154541015625,
        390.02423095703125
    ],
    "left_up": [
        20.007421493530273,
        96.0269775390625,
        173.00103759765625,
        251.00498962402344,
        325.01007080078125,
        400.020751953125
    ],
    "right_up": [
        59.01018524169922,
        134.01466369628906,
        212.0294189453125,
        287.0321350097656,
        363.0048522949219,
        436.01495361328125
    ]
}