{
    "left_down": [
        52.018611907958984,
        123.0264663696289,
        193.00515747070312,
        262.024658203125,
        334.0041198730469,
        407.0181579589844
    ],
    "right_down": [
        14.008583068847656,
        86.02033233642578,
        156.02175903320312,
        225.0027618408203,
        294.03033447265625,
        366.0327453613281,
        440.01544189453125
    ],
    "left_up": [
        23.022830963134766,
        95.02843475341797,
        165.02816772460938,
        234.01539611816406,
        304.029296875,
        377.0142822265625,
        452.00372314453125
    ],
    "right_up": [
        61.021175384521484,
        132.01608276367188,
        201.0099334716797,
        270.0332946777344,
        342.0210876464844,
        416.0148620605469
    ]
}