{
    "left_down": [
        12.02777099609375,
        79.01992797851562,
        152.0234375,
        224.0150909423828,
        297.0051574707031,
        374.0321350097656
    ],
    "right_down": [
        42.03218078613281,
        113.0208740234375,
        186.0119171142578,
        258.0072326660156,
        333.0111083984375
    ],
    "left_up": [
        52.003482818603516,
        123.02455139160156,
        195.03211975097656,
        267.0313415527344,
        344.00701904296875
    ],
    "right_up": [
        20.03050422668457,
        87.03105163574219,
        161.01927185058594,
        233.00546264648438,
        306.01568603515625,
        385.0105895996094
    ]
}