{
    "left_down": [
        47.007896423339844,
        106.02223205566406,
        167.01522827148438,
        230.02713012695312,
        293.0029296875,
        356.01629638671875,
        420.02154541015625
    ],
    "right_down": [
        16.02231216430664,
        75.02701568603516,
        136.0132293701172,
        198.01637268066406,
        259.0298767089844,
        323.0313720703125,
        388.00335693359375,
        452.027587890625
    ],
    "left_up": [
        24.012100219726562,
        83.007568359375,
        143.03123474121094,
        206.01919555664062,
        268.0056457519531,
        332.0039978027344,
        396.0080871582031,
        461.024658203125
    ],
    "right_up": [
        54.00244140625,
        114.00086212158203,
        175.00148010253906,
        238.00149536132812,
        300.0278625488281,
        364.0129089355469,
        428.0163879394531
    ]
}