{
    "left_down": [
        20.013917922973633,
        83.0243911743164,
        148.02764892578125,
        214.00819396972656,
        283.02459716796875,
        352.012451171875
    ],
    "right_down": [
        50.01511764526367,
        114.0167007446289,
        179.02008056640625,
        245.03286743164062,
        315.0017395019531,
        384.00927734375
    ],
    "left_up": [
        58.018211364746094,
        122.02845764160156,
        188.0030517578125,
        255.01498413085938,
        324.01861572265625,
        395.0140075683594
    ],
    "right_up": [
        28.00002098083496,
        91.01168060302734,
        156.02279663085938,
        222.0107421875,
        292.0034484863281,
        360.0212097167969
    ]
}