{
    "left_down": [
        25.03455352783203,
        102.00897216796875,
        173.00021362304688,
        242.02627563476562,
        313.030517578125,
        385.0064697265625,
        455.0176086425781,
        531.0184936523438
    ],
    "right_down": [
        64.03234100341797,
        137.02125549316406,
        208.02276611328125,
        278.0272216796875,
        349.00006103515625,
        420.0179138183594,
        493.0318298339844
    ],
    "left_up": [
        75.00160217285156,
        146.0206756591797,
        217.01239013671875,
        287.0253601074219,
        358.0098876953125,
        429.0169372558594,
        503.0261535644531
    ],
    "right_up": [
        37.01948165893555,
        112.00862121582031,
        182.0155487060547,
        252.00440979003906,
        323.00927734375,
        394.0196533203125,
        465.002685546875,
        541.0316772460938
    ]
}