{
    "left_down": [
        40.00893020629883,
        100.01494598388672,
        159.01197814941406,
        219.0059051513672,
        280.00665283203125,
        341.0167236328125,
        403.02813720703125
    ],
    "right_down": [
        9.005419731140137,
        69.01531219482422,
        129.00506591796875,
        188.00570678710938,
        248.0206298828125,
        309.0124816894531,
        371.031005859375,
        435.02728271484375
    ],
    "left_up": [
        16.016897201538086,
        77.0003433227539,
        136.01292419433594,
        195.0186767578125,
        256.0111083984375,
        317.0100402832031,
        379.0247802734375,
        443.01885986328125
    ],
    "right_up": [
        47.00562286376953,
        107.01407623291016,
        166.007080078125,
        226.01345825195312,
        287.0125732421875,
        349.00433349609375,
        411.0214538574219
    ]
}