{
    "left_down": [
        39.009639739990234,
        127.02689361572266,
        202.026123046875,
        273.0030212402344,
        345.0064697265625,
        417.0231628417969,
        492.01177978515625,
        567.0313720703125,
        642.0031127929688
    ],
    "right_down": [
        78.00064086914062,
        162.02198791503906,
        235.02456665039062,
        306.0195617675781,
        379.030517578125,
        452.03082275390625,
        528.0243530273438,
        601.02880859375
    ],
    "left_up": [
        94.01724243164062,
        173.00192260742188,
        245.00538635253906,
        316.0096740722656,
        389.0064392089844,
        462.0298767089844,
        538.0262451171875,
        612.0004272460938
    ],
    "right_up": [
        50.00987243652344,
        136.0299072265625,
        211.00482177734375,
        281.0097961425781,
        354.00164794921875,
        426.02020263671875,
        501.0232238769531,
        576.0325927734375,
        652.0105590820312
    ]
}