{
    "left_down": [
        36.01179885864258,
        113.02903747558594,
        188.0076141357422,
        265.01995849609375,
        338.01568603515625,
        411.0274658203125,
        484.0209045410156
    ],
    "right_down": [
        9.045000076293945,
        73.00780487060547,
        148.02328491210938,
        223.01914978027344,
        299.0232238769531,
        372.0049133300781,
        444.0239562988281,
        519.0005493164062
    ],
    "left_up": [
        13.000442504882812,
        83.0291976928711,
        158.03302001953125,
        235.0069122314453,
        310.0066223144531,
        383.01007080078125,
        455.0204772949219,
        532.023193359375
    ],
    "right_up": [
        3.0547144412994385,
        46.00596618652344,
        124.01253509521484,
        198.0099639892578,
        275.0136413574219,
        347.0257873535156,
        420.03173828125,
        494.0071716308594
    ]
}