{
    "left_down": [
        25.00498390197754,
        105.02819061279297,
        186.0313720703125,
        264.01202392578125,
        343.0109558105469,
        426.0118408203125,
        503.02978515625,
        587.028564453125,
        678.011474609375
    ],
    "right_down": [
        65.02289581298828,
        144.02862548828125,
        224.01324462890625,
        303.0318908691406,
        385.02655029296875,
        465.029541015625,
        543.0234985351562,
        633.0316162109375
    ],
    "left_up": [
        77.01952362060547,
        156.03250122070312,
        235.00709533691406,
        314.0216979980469,
        397.0224609375,
        476.0178527832031,
        555.0279541015625,
        647.0025024414062
    ],
    "right_up": [
        37.00662612915039,
        116.01118469238281,
        196.03350830078125,
        274.0301818847656,
        354.00787353515625,
        436.0052795410156,
        513.0199584960938,
        599.029296875,
        690.0084228515625
    ]
}