{
    "left_down": [
        22.004465103149414,
        90.02452087402344,
        159.00030517578125,
        230.00604248046875,
        297.0157165527344,
        369.0036315917969,
        440.0309753417969
    ],
    "right_down": [
        56.004356384277344,
        122.00300598144531,
        193.0067138671875,
        262.02734375,
        330.0146484375,
        403.015380859375,
        477.0184020996094
    ],
    "left_up": [
        64.03083801269531,
        131.002685546875,
        202.0134735107422,
        271.0084228515625,
        340.0028076171875,
        412.0227355957031,
        487.02825927734375
    ],
    "right_up": [
        30.035890579223633,
        98.01814270019531,
        167.01861572265625,
        238.013427734375,
        305.0152893066406,
        377.0237731933594,
        450.0111083984375
    ]
}