{
    "left_down": [
        11.013575553894043,
        79.00750732421875,
        149.02401733398438,
        220.03138732910156,
        295.0118103027344
    ],
    "right_down": [
        44.01176071166992,
        114.0053482055664,
        184.03431701660156,
        258.01263427734375,
        332.0137939453125
    ],
    "left_up": [
        53.013729095458984,
        123.00016021728516,
        193.0266876220703,
        267.02978515625,
        342.0321044921875
    ],
    "right_up": [
        20.029396057128906,
        88.01280212402344,
        159.00238037109375,
        230.02218627929688,
        305.0018005371094
    ]
}