{
    "left_down": [
        13.015692710876465,
        74.01754760742188,
        132.02691650390625,
        191.0100555419922,
        250.02899169921875,
        312.0128479003906,
        374.0084228515625,
        438.0054016113281
    ],
    "right_down": [
        42.00233459472656,
        102.02590942382812,
        161.01124572753906,
        219.02316284179688,
        280.0012512207031,
        341.0296325683594,
        405.00927734375,
        469.00689697265625
    ],
    "left_up": [
        50.012046813964844,
        110.00126647949219,
        168.0150909423828,
        227.00418090820312,
        287.03131103515625,
        349.02655029296875,
        413.01373291015625,
        478.0020751953125
    ],
    "right_up": [
        20.024171829223633,
        81.01212310791016,
        139.01698303222656,
        198.00245666503906,
        258.0033264160156,
        319.0260009765625,
        382.00469970703125,
        445.02825927734375
    ]
}