{
    "left_down": [
        9.009254455566406,
        70.01250457763672,
        130.00799560546875,
        191.02113342285156,
        253.0108642578125,
        315.00201416015625,
        377.0128173828125,
        441.0155944824219
    ],
    "right_down": [
        39.004974365234375,
        99.01614379882812,
        160.0103302001953,
        221.02394104003906,
        284.02374267578125,
        345.0228271484375,
        409.0191345214844,
        476.009521484375
    ],
    "left_up": [
        47.01305389404297,
        107.01212310791016,
        168.0220184326172,
        229.03024291992188,
        292.02081298828125,
        353.0271911621094,
        417.0269470214844,
        486.00555419921875
    ],
    "right_up": [
        17.027254104614258,
        77.01821899414062,
        137.01785278320312,
        199.00881958007812,
        261.0113525390625,
        322.0291442871094,
        385.0191345214844,
        449.027587890625
    ]
}