{
    "left_down": [
        22.03241539001465,
        96.00879669189453,
        170.00782775878906,
        243.0221405029297,
        320.0309143066406,
        399.00164794921875
    ],
    "right_down": [
        59.031829833984375,
        133.0058135986328,
        206.02455139160156,
        281.01092529296875,
        359.0135192871094
    ],
    "left_up": [
        69.01018524169922,
        142.02684020996094,
        215.0316619873047,
        291.0244140625,
        370.0087585449219
    ],
    "right_up": [
        33.01670455932617,
        106.01451873779297,
        179.0303497314453,
        253.01548767089844,
        331.00970458984375,
        409.0153503417969
    ]
}