{
    "left_down": [
        54.00283432006836,
        123.01459503173828,
        193.0203094482422,
        265.0157775878906,
        337.00518798828125,
        407.0191345214844
    ],
    "right_down": [
        15.022292137145996,
        88.01657104492188,
        158.01654052734375,
        227.03172302246094,
        301.0060119628906,
        371.03375244140625,
        444.0248718261719
    ],
    "left_up": [
        26.026552200317383,
        97.0271987915039,
        167.0323486328125,
        237.02572631835938,
        310.02337646484375,
        381.0068359375,
        455.0027770996094
    ],
    "right_up": [
        63.00002670288086,
        132.01634216308594,
        202.01727294921875,
        274.0226745605469,
        346.00189208984375,
        416.0250244140625
    ]
}