{
    "left_down": [
        45.02207565307617,
        111.02198028564453,
        177.02976989746094,
        245.01353454589844,
        312.03106689453125
    ],
    "right_down": [
        11.00771427154541,
        78.01264190673828,
        144.0085906982422,
        211.00436401367188,
        279.0083312988281,
        349.02142333984375
    ],
    "left_up": [
        20.01714515686035,
        87.0058364868164,
        153.0063018798828,
        220.00787353515625,
        288.0098876953125,
        360.0187072753906
    ],
    "right_up": [
        53.02997970581055,
        120.00956726074219,
        186.01902770996094,
        254.00534057617188,
        321.0249328613281
    ]
}