{
    "left_down": [
        11.028922080993652,
        86.030517578125,
        154.01605224609375,
        225.02105712890625,
        298.02008056640625,
        370.0055847167969,
        445.0046691894531
    ],
    "right_down": [
        48.01719665527344,
        120.02094268798828,
        188.03041076660156,
        262.00494384765625,
        333.0317687988281,
        406.02459716796875,
        483.0315856933594
    ],
    "left_up": [
        59.0190544128418,
        129.007080078125,
        198.00494384765625,
        271.0233154296875,
        343.0053405761719,
        416.01495361328125,
        496.00042724609375
    ],
    "right_up": [
        22.0199031829834,
        96.01841735839844,
        163.01419067382812,
        235.01023864746094,
        308.00067138671875,
        379.02532958984375,
        455.0109558105469
    ]
}