{
    "left_down": [
        2.00655460357666,
        72.02909851074219,
        142.02813720703125,
        214.01226806640625,
        281.0147705078125,
        350.0268249511719
    ],
    "right_down": [
        32.020042419433594,
        104.00707244873047,
        175.01747131347656,
        246.0033416748047,
        313.0118408203125
    ],
    "left_up": [
        43.0295295715332,
        114.02002716064453,
        185.0164794921875,
        254.02980041503906,
        322.02691650390625
    ],
    "right_up": [
        11.01854419708252,
        80.00850677490234,
        150.01756286621094,
        222.01397705078125,
        289.01025390625,
        359.0159912109375
    ]
}