{
    "left_down": [
        17.035308837890625,
        94.03136444091797,
        165.0219268798828,
        236.00279235839844,
        308.0220031738281
    ],
    "right_down": [
        56.00593948364258,
        128.0087127685547,
        199.0015106201172,
        270.01141357421875,
        343.0119934082031
    ],
    "left_up": [
        66.02234649658203,
        137.0225372314453,
        208.00555419921875,
        280.0025634765625,
        354.0033874511719
    ],
    "right_up": [
        27.034263610839844,
        103.01721954345703,
        174.00863647460938,
        244.02871704101562,
        317.02374267578125
    ]
}