{
    "left_down": [
        34.019073486328125,
        109.01121520996094,
        183.00144958496094,
        252.02833557128906,
        320.01165771484375,
        390.00482177734375,
        465.0020751953125
    ],
    "right_down": [
        11.038579940795898,
        69.02120208740234,
        142.01783752441406,
        214.03160095214844,
        283.0233459472656,
        352.0128173828125,
        424.00177001953125
    ],
    "left_up": [
        13.038886070251465,
        79.0262451171875,
        152.03024291992188,
        224.01846313476562,
        292.0292053222656,
        361.02337646484375,
        434.02557373046875
    ],
    "right_up": [
        4.018162727355957,
        42.01130676269531,
        117.02664947509766,
        191.0101776123047,
        260.0235900878906,
        328.0104064941406,
        398.0269775390625,
        474.0284729003906
    ]
}