{
    "left_down": [
        16.011253356933594,
        83.0210952758789,
        149.02725219726562,
        219.00674438476562,
        288.01922607421875
    ],
    "right_down": [
        47.02064895629883,
        114.01782989501953,
        183.03041076660156,
        251.01461791992188,
        322.0247802734375
    ],
    "left_up": [
        56.0260009765625,
        123.00114440917969,
        192.02037048339844,
        260.0221862792969,
        333.006591796875
    ],
    "right_up": [
        24.013662338256836,
        91.01221466064453,
        158.01675415039062,
        227.0134735107422,
        297.0077209472656
    ]
}