{
    "left_down": [
        57.025020599365234,
        133.0010986328125,
        207.0187225341797,
        282.0210876464844,
        362.0308837890625,
        442.00689697265625
    ],
    "right_down": [
        17.019596099853516,
        92.00469970703125,
        168.00404357910156,
        242.00901794433594,
        320.02142333984375,
        399.015380859375
    ],
    "left_up": [
        28.016145706176758,
        103.00912475585938,
        178.02474975585938,
        253.00021362304688,
        332.0048522949219,
        411.00347900390625
    ],
    "right_up": [
        0.0059080044738948345,
        67.00713348388672,
        142.0306396484375,
        217.00567626953125,
        293.0062255859375,
        373.02001953125,
        453.0180358886719
    ]
}