{
    "left_down": [
        68.0001220703125,
        139.0232391357422,
        213.01824951171875,
        285.0213928222656,
        359.0090637207031
    ],
    "right_down": [
        28.00361442565918,
        101.02515411376953,
        174.0105438232422,
        247.0026092529297,
        319.0207824707031,
        397.0050048828125
    ],
    "left_up": [
        38.01095199584961,
        110.02949523925781,
        184.00099182128906,
        256.01666259765625,
        328.028564453125,
        409.005859375
    ],
    "right_up": [
        5.016260623931885,
        75.02978515625,
        148.0078125,
        221.03065490722656,
        293.0316467285156,
        369.02313232421875
    ]
}