{
    "left_down": [
        27.02277374267578,
        104.02426147460938,
        183.00148010253906,
        261.00146484375,
        346.0138244628906,
        428.0139465332031,
        512.0226440429688
    ],
    "right_down": [
        67.00393676757812,
        145.00363159179688,
        223.01181030273438,
        301.02862548828125,
        387.0001220703125,
        470.02142333984375
    ],
    "left_up": [
        77.02603149414062,
        155.02137756347656,
        233.0029754638672,
        314.0063171386719,
        397.0302429199219,
        481.0285949707031
    ],
    "right_up": [
        39.01351547241211,
        115.02467346191406,
        193.02081298828125,
        271.0172119140625,
        357.0321960449219,
        439.0275573730469,
        524.021728515625
    ]
}