{
    "left_down": [
        52.00774383544922,
        127.00997924804688,
        204.00205993652344,
        278.0012512207031,
        353.0155334472656,
        429.0106201171875
    ],
    "right_down": [
        13.002180099487305,
        89.02032470703125,
        165.00003051757812,
        242.0198516845703,
        315.00408935546875,
        392.0007019042969
    ],
    "left_up": [
        23.022075653076172,
        99.01126861572266,
        174.02127075195312,
        251.01304626464844,
        324.02545166015625,
        401.0278015136719
    ],
    "right_up": [
        62.01708221435547,
        137.0120849609375,
        214.0282745361328,
        287.0263366699219,
        363.0190734863281,
        438.02984619140625
    ]
}